{"beef": {"Roast sirloin of beef": {"url": "https://www.bbcgoodfood.com/recipes/roast-sirloin-beef", "healthLabels": ["Sugar-Conscious", "Keto-Friendly", "Dairy-Free", "Gluten-Free", "Wheat-Free", "Egg-Free", "Peanut-Free", "Tree-Nut-Free", "Soy-Free", "Fish-Free", "Shellfish-Free", "Pork-Free", "Crustacean-Free", "Celery-Free", "Mustard-Free", "Sesame-Free", "Lupine-Free", "Mollusk-Free", "Kosher"], "calories": 2120, "totalTime": 160.0, "cuisineType": "american", "imageName": "11.jpg", "ingredients": [{"food": "vegetable oil", "quantity": 2.0, "measure": "tablespoon", "foodId": "food_bt1mzi2ah2sfg8bv7no1qai83w8s"}, {"food": "beef", "quantity": 1.25, "measure": "kilogram", "foodId": "food_bknby1la98smrsbwnthinbam42nj"}, {"food": "red wine", "quantity": 1.0, "measure": "cup", "foodId": "food_b5q0xv2ba8la5hbzdfzdgaca3fwu"}, {"food": "beef consomm\u00e9", "quantity": 400.0, "measure": "gram", "foodId": "food_arlagstbtxcrk4ablvuh9b36no9m"}]}, "Beef Tea": {"url": "https://www.epicurious.com/recipes/food/views/beef-tea-395253", "healthLabels": ["Sugar-Conscious", "Low Sugar", "Keto-Friendly", "Paleo", "Dairy-Free", "Gluten-Free", "Wheat-Free", "Egg-Free", "Peanut-Free", "Tree-Nut-Free", "Soy-Free", "Fish-Free", "Shellfish-Free", "Pork-Free", "Crustacean-Free", "Celery-Free", "Mustard-Free", "Sesame-Free", "Lupine-Free", "Mollusk-Free", "Alcohol-Free", "No oil added", "Sulfite-Free", "FODMAP-Free", "Kosher"], "calories": 514, "totalTime": 0.0, "cuisineType": "mediterranean", "imageName": "12.jpg", "ingredients": [{"food": "chuck steak", "quantity": 8.0, "measure": "ounce", "foodId": "food_ah7w61mayp8jqjbbgicxfaib9opa"}, {"food": "salt", "quantity": 0.25, "measure": "teaspoon", "foodId": "food_btxz81db72hwbra2pncvebzzzum9"}, {"food": "water", "quantity": 3.0, "measure": "cup", "foodId": "food_a99vzubbk1ayrsad318rvbzr3dh0"}]}, "Beef Tacos": {"url": "http://norecipes.com/blog/2009/05/28/beef-tacos-recipe/", "healthLabels": ["Sugar-Conscious", "Dairy-Free", "Gluten-Free", "Wheat-Free", "Egg-Free", "Peanut-Free", "Tree-Nut-Free", "Soy-Free", "Fish-Free", "Shellfish-Free", "Pork-Free", "Crustacean-Free", "Celery-Free", "Mustard-Free", "Sesame-Free", "Lupine-Free", "Mollusk-Free", "Alcohol-Free", "Kosher"], "calories": 1871, "totalTime": 0.0, "cuisineType": "mexican", "imageName": "13.jpg", "ingredients": [{"food": "onion", "quantity": 0.5, "measure": "<unit>", "foodId": "food_bmrvi4ob4binw9a5m7l07amlfcoy"}, {"food": "garlic", "quantity": 2.0, "measure": "clove", "foodId": "food_avtcmx6bgjv1jvay6s6stan8dnyp"}, {"food": "ground beef", "quantity": 1.0, "measure": "pound", "foodId": "food_boq91pbbhklr6sb0d9sbybzgklkm"}, {"food": "chili powder", "quantity": 2.0, "measure": "tablespoon", "foodId": "food_aii2sclb4r123rbfr2ybjasrl3nc"}, {"food": "kosher salt", "quantity": 1.0, "measure": "teaspoon", "foodId": "food_a1vgrj1bs8rd1majvmd9ubz8ttkg"}, {"food": "sugar", "quantity": 0.5, "measure": "teaspoon", "foodId": "food_axi2ijobrk819yb0adceobnhm1c2"}, {"food": "corn tortillas", "quantity": 12.0, "measure": "<unit>", "foodId": "food_bhw0b95agm97s0abfignnb8fsvb3"}, {"food": "salsa", "quantity": 1.0, "measure": "<unit>", "foodId": "food_b0t3obfawlm5k2b6erxscacez35u"}, {"food": "cilantro", "quantity": 0.0, "measure": null, "foodId": "food_alhzhuwb4lc7jnb5s6f02by60bzp"}, {"food": "lime", "quantity": 1.0, "measure": "wedge", "foodId": "food_av58muyb8kg92fbk0g8g8aui5knv"}]}, "Beef Brisket": {"url": "http://simplyrecipes.com/recipes/beef_brisket/", "healthLabels": ["Dairy-Free", "Egg-Free", "Peanut-Free", "Tree-Nut-Free", "Fish-Free", "Shellfish-Free", "Pork-Free", "Crustacean-Free", "Celery-Free", "Mustard-Free", "Sesame-Free", "Lupine-Free", "Mollusk-Free", "Alcohol-Free", "No oil added", "Kosher"], "calories": 2466, "totalTime": 0.0, "cuisineType": "british", "imageName": "14.jpg", "ingredients": [{"food": "beef", "quantity": 3.5, "measure": "pound", "foodId": "food_bknby1la98smrsbwnthinbam42nj"}, {"food": "barbeque sauce", "quantity": 0.75, "measure": "cup", "foodId": "food_avt8j2wabi4myjaafpo4makv3lqn"}, {"food": "soy sauce", "quantity": 0.25, "measure": "cup", "foodId": "food_a5g9yevb1iactoaiimbvjbkrxueh"}, {"food": "water", "quantity": 1.0, "measure": "cup", "foodId": "food_a99vzubbk1ayrsad318rvbzr3dh0"}]}, "Barbecued Beef Brisket": {"url": "http://www.saveur.com/article/Recipes/Barbecued-Beef-Brisket", "healthLabels": ["Sugar-Conscious", "Keto-Friendly", "Dairy-Free", "Gluten-Free", "Wheat-Free", "Egg-Free", "Peanut-Free", "Tree-Nut-Free", "Soy-Free", "Fish-Free", "Shellfish-Free", "Pork-Free", "Crustacean-Free", "Celery-Free", "Mustard-Free", "Sesame-Free", "Lupine-Free", "Mollusk-Free", "Alcohol-Free", "No oil added", "Sulfite-Free", "Kosher"], "calories": 11443, "totalTime": 0.0, "cuisineType": "american", "imageName": "15.jpg", "ingredients": [{"food": "chili powder", "quantity": 2.0, "measure": "tablespoon", "foodId": "food_aii2sclb4r123rbfr2ybjasrl3nc"}, {"food": "cayenne", "quantity": 1.0, "measure": "tablespoon", "foodId": "food_a8iooz3aris8gba605l07brngnrx"}, {"food": "beef brisket", "quantity": 9.0, "measure": "pound", "foodId": "food_akcl1lrbxwowcrai1l6xkbtvxhsn"}, {"food": "apple juice", "quantity": 1.0, "measure": "cup", "foodId": "food_ai7w4okaoeknd5b5j9o66bm6nu10"}]}, "Portabello Beef Stew": {"url": "https://food52.com/recipes/14484-portabello-beef-stew", "healthLabels": ["Dairy-Free", "Egg-Free", "Peanut-Free", "Tree-Nut-Free", "Soy-Free", "Fish-Free", "Shellfish-Free", "Pork-Free", "Crustacean-Free", "Celery-Free", "Mustard-Free", "Sesame-Free", "Lupine-Free", "Mollusk-Free", "Kosher"], "calories": 943, "totalTime": 195.0, "cuisineType": "french", "imageName": "16.jpg", "ingredients": [{"food": "beef stew meat", "quantity": 1.0, "measure": "pound", "foodId": "food_bknby1la98smrsbwnthinbam42nj"}, {"food": "flour", "quantity": 2.0, "measure": "tablespoon", "foodId": "food_ahebfs0a985an4aubqaebbipra58"}, {"food": "onion", "quantity": 1.0, "measure": "<unit>", "foodId": "food_bmrvi4ob4binw9a5m7l07amlfcoy"}, {"food": "dried thyme", "quantity": 1.0, "measure": "teaspoon", "foodId": "food_avsq22zadwyb5cb5sl1byaa4mbo8"}, {"food": "red wine", "quantity": 0.5, "measure": "cup", "foodId": "food_b5q0xv2ba8la5hbzdfzdgaca3fwu"}, {"food": "beef broth", "quantity": 1.0, "measure": "can", "foodId": "food_a4blma9bmbzb9aa6dt0qmbzeb1o1"}, {"food": "carrots", "quantity": 2.0, "measure": "<unit>", "foodId": "food_ai215e5b85pdh5ajd4aafa3w2zm8"}, {"food": "portabello mushrooms", "quantity": 10.0, "measure": "ounce", "foodId": "food_bikaydza0r1y3ja1c2nxxbqnynlg"}]}, "Pioneer Woman\u2019s Beef Brisket": {"url": "http://thepioneerwoman.com/cooking/2007/06/brisket_baby/", "healthLabels": ["Sugar-Conscious", "Keto-Friendly", "Dairy-Free", "Egg-Free", "Peanut-Free", "Tree-Nut-Free", "Fish-Free", "Shellfish-Free", "Pork-Free", "Crustacean-Free", "Celery-Free", "Mustard-Free", "Sesame-Free", "Lupine-Free", "Mollusk-Free", "Alcohol-Free", "No oil added", "Kosher"], "calories": 12911, "totalTime": 0.0, "cuisineType": "british", "imageName": "17.jpg", "ingredients": [{"food": "beef consomme", "quantity": 2.0, "measure": "can", "foodId": "food_arlagstbtxcrk4ablvuh9b36no9m"}, {"food": "lemon juice", "quantity": 0.5, "measure": "cup", "foodId": "food_bglm6vxahuauteb0n6ynfbg9eryu"}, {"food": "soy sauce", "quantity": 1.5, "measure": "cup", "foodId": "food_a5g9yevb1iactoaiimbvjbkrxueh"}, {"food": "garlic", "quantity": 5.0, "measure": "clove", "foodId": "food_avtcmx6bgjv1jvay6s6stan8dnyp"}, {"food": "liquid smoke", "quantity": 2.0, "measure": "tablespoon", "foodId": "food_a99vzubbk1ayrsad318rvbzr3dh0"}, {"food": "beef brisket", "quantity": 10.0, "measure": "pound", "foodId": "food_akcl1lrbxwowcrai1l6xkbtvxhsn"}]}, "Beef Goulash": {"url": "http://www.marthastewart.com/350032/beef-goulash", "healthLabels": ["Peanut-Free", "Tree-Nut-Free", "Soy-Free", "Fish-Free", "Shellfish-Free", "Pork-Free", "Crustacean-Free", "Celery-Free", "Mustard-Free", "Sesame-Free", "Lupine-Free", "Mollusk-Free", "Alcohol-Free", "Sulfite-Free"], "calories": 8441, "totalTime": 218.0, "cuisineType": "american", "imageName": "18.jpg", "ingredients": [{"food": "unsalted butter", "quantity": 0.25, "measure": "cup", "foodId": "food_awz3iefajbk1fwahq9logahmgltj"}, {"food": "olive oil", "quantity": 0.25, "measure": "cup", "foodId": "food_b1d1icuad3iktrbqby0hiagafaz7"}, {"food": "beef chuck", "quantity": 5.0, "measure": "pound", "foodId": "food_bknby1la98smrsbwnthinbam42nj"}, {"food": "salt", "quantity": 0.0, "measure": null, "foodId": "food_btxz81db72hwbra2pncvebzzzum9"}, {"food": "black pepper", "quantity": 0.0, "measure": null, "foodId": "food_b6ywzluaaxv02wad7s1r9ag4py89"}, {"food": "yellow onions", "quantity": 5.0, "measure": "pound", "foodId": "food_bmrvi4ob4binw9a5m7l07amlfcoy"}, {"food": "paprika", "quantity": 0.25, "measure": "cup", "foodId": "food_a9dpcnjb883g67b3lq82ca0421ql"}, {"food": "beef stock", "quantity": 3.0, "measure": "cup", "foodId": "food_bxd832fblxgfaibgn0zk0b6dg6dh"}, {"food": "sour cream", "quantity": 0.0, "measure": null, "foodId": "food_adp9fcubzl3lr7bcvzn3rbfiiiwq"}, {"food": "egg noodles", "quantity": 2.0, "measure": "pound", "foodId": "food_aefg3gqa71nrtpbhjfo3yb36kd81"}, {"food": "chives", "quantity": 0.0, "measure": null, "foodId": "food_btg1uzjak79lawbirsitkaeai60l"}]}, "Beef stew": {"url": "http://www.jamieoliver.com/recipes/beef-recipes/beef-stew/", "healthLabels": ["Dairy-Free", "Egg-Free", "Peanut-Free", "Tree-Nut-Free", "Soy-Free", "Shellfish-Free", "Pork-Free", "Crustacean-Free", "Mustard-Free", "Sesame-Free", "Lupine-Free", "Mollusk-Free", "Kosher"], "calories": 1683, "totalTime": 0.0, "cuisineType": "american", "imageName": "19.jpg", "ingredients": [{"food": "stewing beef", "quantity": 800.0, "measure": "gram", "foodId": "food_bknby1la98smrsbwnthinbam42nj"}, {"food": "flour", "quantity": 2.0, "measure": "tablespoon", "foodId": "food_ahebfs0a985an4aubqaebbipra58"}, {"food": "olive oil", "quantity": 0.0, "measure": null, "foodId": "food_b1d1icuad3iktrbqby0hiagafaz7"}, {"food": "garlic", "quantity": 2.0, "measure": "clove", "foodId": "food_avtcmx6bgjv1jvay6s6stan8dnyp"}, {"food": "shallots", "quantity": 1.0, "measure": "handful", "foodId": "food_bu2ver7a5f52dfap8q9f0bn085qb"}, {"food": "celery", "quantity": 2.0, "measure": "stick", "foodId": "food_bffeoksbyyur8ja4da73ub2xs57g"}, {"food": "carrots", "quantity": 4.0, "measure": "<unit>", "foodId": "food_ai215e5b85pdh5ajd4aafa3w2zm8"}, {"food": "thyme", "quantity": 15.0, "measure": "gram", "foodId": "food_b3o3cj7a5gskecb0ufphtadnbfqb"}, {"food": "vine tomatoes", "quantity": 4.0, "measure": "<unit>", "foodId": "food_a30b0hpbvavginafe0tocbf6ymje"}, {"food": "red wine", "quantity": 150.0, "measure": "milliliter", "foodId": "food_b5q0xv2ba8la5hbzdfzdgaca3fwu"}, {"food": "beef stock", "quantity": 500.0, "measure": "milliliter", "foodId": "food_bxd832fblxgfaibgn0zk0b6dg6dh"}, {"food": "bay leaves", "quantity": 2.0, "measure": "<unit>", "foodId": "food_asx39x4ayja4jab6ivj6zayvkblo"}, {"food": "worcestershire sauce", "quantity": 0.0, "measure": null, "foodId": "food_ahb8mscbejo58ubexo0itam1i74g"}]}, "Beef and Noodles recipes": {"url": "http://www.chezus.com/2009/04/04/beef-and-noodles/", "healthLabels": ["Sugar-Conscious", "Dairy-Free", "Gluten-Free", "Wheat-Free", "Egg-Free", "Peanut-Free", "Tree-Nut-Free", "Fish-Free", "Shellfish-Free", "Pork-Free", "Crustacean-Free", "Celery-Free", "Mustard-Free", "Sesame-Free", "Lupine-Free", "Mollusk-Free", "Alcohol-Free", "Sulfite-Free", "Kosher"], "calories": 1060, "totalTime": 75.0, "cuisineType": "asian", "imageName": "20.jpg", "ingredients": [{"food": "yellow onion", "quantity": 0.5, "measure": "<unit>", "foodId": "food_bmrvi4ob4binw9a5m7l07amlfcoy"}, {"food": "fresh ginger", "quantity": 1.0, "measure": "knob", "foodId": "food_bi2ki2xb5zmmvbaiwf7ztbgktzp6"}, {"food": "lemon grass", "quantity": 0.5, "measure": "<unit>", "foodId": "food_b3l1z8na3dy8qfaht3yubbrdu94h"}, {"food": "lime", "quantity": 1.0, "measure": "<unit>", "foodId": "food_av58muyb8kg92fbk0g8g8aui5knv"}, {"food": "olive oil", "quantity": 2.0, "measure": "tablespoon", "foodId": "food_b1d1icuad3iktrbqby0hiagafaz7"}, {"food": "beef flank", "quantity": 0.5, "measure": "pound", "foodId": "food_abhe6ejbfw25i1a4u0iiwbi0aw6s"}, {"food": "beef stock", "quantity": 3.0, "measure": "cup", "foodId": "food_bxd832fblxgfaibgn0zk0b6dg6dh"}, {"food": "edamame", "quantity": 2.0, "measure": "cup", "foodId": "food_bx3fkcubyl2t7ha8jfdm5anoirlx"}]}}}