{"breakfast": {"Breakfast Sausage Puffs": {"url": "https://www.marthastewart.com/868891/breakfast-sausage-puffs", "healthLabels": ["Kidney-Friendly", "Keto-Friendly", "Peanut-Free", "Tree-Nut-Free", "Soy-Free", "Fish-Free", "Shellfish-Free", "Crustacean-Free", "Celery-Free", "Mustard-Free", "Sesame-Free", "Lupine-Free", "Mollusk-Free", "Alcohol-Free"], "calories": 1605, "totalTime": 0.0, "cuisineType": "american", "imageName": "21.jpg", "ingredients": [{"food": "puff pastry", "quantity": 1.0, "measure": "sheet", "foodId": "food_bdy019nbzjeni3atliworbbgahrk"}, {"food": "maple syrup", "quantity": 2.0, "measure": "tablespoon", "foodId": "food_bo37p69bopqshvaul0bn4bv0kqni"}, {"food": "sausages", "quantity": 1.0, "measure": "pound", "foodId": "food_aidvlr4a5hvqixbbd5rbhbb3wiri"}, {"food": "egg", "quantity": 1.0, "measure": "<unit>", "foodId": "food_bhpradua77pk16aipcvzeayg732r"}]}, "Recipe: Muffin-Pan Breakfast Sliders": {"url": "http://www.thekitchn.com/recipe-muffin-pan-breakfast-sliders-234089", "healthLabels": ["Sugar-Conscious", "Kidney-Friendly", "Keto-Friendly", "Gluten-Free", "Wheat-Free", "Peanut-Free", "Tree-Nut-Free", "Soy-Free", "Fish-Free", "Shellfish-Free", "Crustacean-Free", "Celery-Free", "Mustard-Free", "Sesame-Free", "Lupine-Free", "Mollusk-Free", "Alcohol-Free", "No oil added", "Sulfite-Free", "FODMAP-Free"], "calories": 750, "totalTime": 0.0, "cuisineType": "american", "imageName": "22.jpg", "ingredients": [{"food": "sausage", "quantity": 4.0, "measure": "ounce", "foodId": "food_aidvlr4a5hvqixbbd5rbhbb3wiri"}, {"food": "eggs", "quantity": 4.0, "measure": "<unit>", "foodId": "food_bhpradua77pk16aipcvzeayg732r"}, {"food": "american cheese", "quantity": 2.0, "measure": "slice", "foodId": "food_bjqrzuebbvmm4ubyh7aija9bw809"}]}, "The Wrangler Breakfast Taco recipes": {"url": "http://www.foodrepublic.com/recipes/the-wrangler-breakfast-taco-recipe/", "healthLabels": ["Sugar-Conscious", "Peanut-Free", "Tree-Nut-Free", "Soy-Free", "Fish-Free", "Shellfish-Free", "Pork-Free", "Crustacean-Free", "Celery-Free", "Mustard-Free", "Sesame-Free", "Lupine-Free", "Mollusk-Free", "Alcohol-Free", "Sulfite-Free"], "calories": 5452, "totalTime": 25.0, "cuisineType": "mexican", "imageName": "23.jpg", "ingredients": [{"food": "potatoes", "quantity": 0.5, "measure": "cup", "foodId": "food_abiw5baauresjmb6xpap2bg3otzu"}, {"food": "eggs", "quantity": 2.0, "measure": "<unit>", "foodId": "food_bhpradua77pk16aipcvzeayg732r"}, {"food": "beef brisket", "quantity": 1.0, "measure": "<unit>", "foodId": "food_akcl1lrbxwowcrai1l6xkbtvxhsn"}, {"food": "jack cheese", "quantity": 2.0, "measure": "tablespoon", "foodId": "food_atp17pta7d5it2a80ct13ard6aj3"}, {"food": "flour tortilla", "quantity": 1.0, "measure": "<unit>", "foodId": "food_a9ql6pdb639bs5b2nlvbob3w0mlj"}, {"food": "salsa", "quantity": 2.0, "measure": "tablespoon", "foodId": "food_b0t3obfawlm5k2b6erxscacez35u"}]}, "Breakfast Sausage, Mushroom, and Cheddar Rolls Recipe": {"url": "http://www.seriouseats.com/recipes/2014/01/breakfast-sausage-mushroom-cheddar-roll-recipe.html", "healthLabels": ["Sugar-Conscious", "Kidney-Friendly", "Peanut-Free", "Tree-Nut-Free", "Soy-Free", "Fish-Free", "Shellfish-Free", "Crustacean-Free", "Celery-Free", "Sesame-Free", "Lupine-Free", "Mollusk-Free", "Alcohol-Free", "Sulfite-Free"], "calories": 3647, "totalTime": 40.0, "cuisineType": "british", "imageName": "24.jpg", "ingredients": [{"food": "sausage", "quantity": 10.0, "measure": "link", "foodId": "food_aidvlr4a5hvqixbbd5rbhbb3wiri"}, {"food": "button mushrooms", "quantity": 10.0, "measure": "ounce", "foodId": "food_bvlose6arfl26ra396sjrb7hetqh"}, {"food": "thyme", "quantity": 4.0, "measure": "sprig", "foodId": "food_b3o3cj7a5gskecb0ufphtadnbfqb"}, {"food": "cheddar cheese", "quantity": 0.5, "measure": "cup", "foodId": "food_bhppgmha1u27voagb8eptbp9g376"}, {"food": "puff pastry", "quantity": 1.0, "measure": "pound", "foodId": "food_bdy019nbzjeni3atliworbbgahrk"}, {"food": "egg", "quantity": 1.0, "measure": "<unit>", "foodId": "food_bhpradua77pk16aipcvzeayg732r"}, {"food": "kosher salt", "quantity": 0.0, "measure": null, "foodId": "food_a1vgrj1bs8rd1majvmd9ubz8ttkg"}, {"food": "black pepper", "quantity": 0.0, "measure": null, "foodId": "food_b6ywzluaaxv02wad7s1r9ag4py89"}, {"food": "dijon mustard", "quantity": 1.0, "measure": "serving", "foodId": "food_a34cdj5b0kyuhfbov30xcb50u4dv"}]}, "Mini Breakfast Cookie & Yogurt": {"url": "http://www.eatingwell.com/recipe/266418/mini-breakfast-cookie-yogurt/", "healthLabels": ["Kidney-Friendly", "Vegetarian", "Pescatarian", "Mediterranean", "Peanut-Free", "Tree-Nut-Free", "Soy-Free", "Fish-Free", "Shellfish-Free", "Pork-Free", "Red-Meat-Free", "Crustacean-Free", "Celery-Free", "Mustard-Free", "Sesame-Free", "Lupine-Free", "Mollusk-Free", "Alcohol-Free", "Sulfite-Free", "Kosher"], "calories": 273, "totalTime": 5.0, "cuisineType": "american", "imageName": "25.jpg", "ingredients": [{"food": "cookie", "quantity": 1.0, "measure": "<unit>", "foodId": "food_b8hkw37asceztnbj3sfiuajjet67"}, {"food": "greek yogurt", "quantity": 5.333333333333333, "measure": "ounce", "foodId": "food_bllzl82a5fkj4yanmzoztapdyryz"}, {"food": "raspberries", "quantity": 1.0, "measure": "cup", "foodId": "food_al3e7s2a1lm4i6bga7o0abp399zg"}]}, "Breakfast Patty Melt recipes": {"url": "http://thepioneerwoman.com/cooking/breakfast-patty-melt/", "healthLabels": ["Sugar-Conscious", "Peanut-Free", "Tree-Nut-Free", "Soy-Free", "Fish-Free", "Shellfish-Free", "Crustacean-Free", "Celery-Free", "Mustard-Free", "Sesame-Free", "Lupine-Free", "Mollusk-Free", "Alcohol-Free", "Sulfite-Free", "Immuno-Supportive"], "calories": 1376, "totalTime": 35.0, "cuisineType": "american", "imageName": "26.jpg", "ingredients": [{"food": "butter", "quantity": 4.0, "measure": "tablespoon", "foodId": "food_awz3iefajbk1fwahq9logahmgltj"}, {"food": "yellow onion", "quantity": 0.5, "measure": "<unit>", "foodId": "food_bmrvi4ob4binw9a5m7l07amlfcoy"}, {"food": "sausage", "quantity": 0.25, "measure": "pound", "foodId": "food_aidvlr4a5hvqixbbd5rbhbb3wiri"}, {"food": "eggs", "quantity": 2.0, "measure": "<unit>", "foodId": "food_bhpradua77pk16aipcvzeayg732r"}, {"food": "cheddar", "quantity": 3.0, "measure": "slice", "foodId": "food_bhppgmha1u27voagb8eptbp9g376"}, {"food": "bread", "quantity": 2.0, "measure": "slice", "foodId": "food_a3049hmbqj5wstaeeb3udaz6uaqv"}]}, "Sausage and Potato Breakfast Casserole": {"url": "https://www.epicurious.com/recipes/food/views/sausage-and-potato-breakfast-casserole-4387", "healthLabels": ["Egg-Free", "Peanut-Free", "Tree-Nut-Free", "Soy-Free", "Fish-Free", "Shellfish-Free", "Crustacean-Free", "Celery-Free", "Mustard-Free", "Sesame-Free", "Lupine-Free", "Mollusk-Free", "Alcohol-Free", "No oil added", "Sulfite-Free"], "calories": 2620, "totalTime": 0.0, "cuisineType": "american", "imageName": "27.jpg", "ingredients": [{"food": "sausage", "quantity": 1.0, "measure": "pound", "foodId": "food_aidvlr4a5hvqixbbd5rbhbb3wiri"}, {"food": "all purpose flour", "quantity": 2.0, "measure": "tablespoon", "foodId": "food_ar3x97tbq9o9p6b6gzwj0am0c81l"}, {"food": "milk", "quantity": 1.5, "measure": "cup", "foodId": "food_b49rs1kaw0jktabzkg2vvanvvsis"}, {"food": "potatoes", "quantity": 1.0, "measure": "pound", "foodId": "food_abiw5baauresjmb6xpap2bg3otzu"}, {"food": "green onions", "quantity": 4.0, "measure": "<unit>", "foodId": "food_bknlkyzbuzo27pb11whr4bttkuy6"}, {"food": "cheddar cheese", "quantity": 1.25, "measure": "cup", "foodId": "food_bhppgmha1u27voagb8eptbp9g376"}]}, "Breakfast Casserole with Mushroom \"\"Gravy\"\"": {"url": "https://food52.com/recipes/40963-breakfast-casserole-with-mushroom-gravy", "healthLabels": ["Peanut-Free", "Tree-Nut-Free", "Soy-Free", "Fish-Free", "Shellfish-Free", "Crustacean-Free", "Celery-Free", "Sesame-Free", "Lupine-Free", "Mollusk-Free", "Alcohol-Free", "Sulfite-Free"], "calories": 4690, "totalTime": 0.0, "cuisineType": "american", "imageName": "28.jpg", "ingredients": [{"food": "sausage", "quantity": 1.0, "measure": "pound", "foodId": "food_aidvlr4a5hvqixbbd5rbhbb3wiri"}, {"food": "cheddar cheese", "quantity": 4.0, "measure": "cup", "foodId": "food_bhppgmha1u27voagb8eptbp9g376"}, {"food": "bread", "quantity": 8.0, "measure": "slice", "foodId": "food_a3049hmbqj5wstaeeb3udaz6uaqv"}, {"food": "eggs", "quantity": 6.0, "measure": "<unit>", "foodId": "food_bhpradua77pk16aipcvzeayg732r"}, {"food": "milk", "quantity": 2.0, "measure": "cup", "foodId": "food_b49rs1kaw0jktabzkg2vvanvvsis"}, {"food": "cream of mushroom soup", "quantity": 1.0, "measure": "can", "foodId": "food_b628l7bbpw7rnqa1ri8egb0xetpn"}, {"food": "herbs", "quantity": 0.5, "measure": "tablespoon", "foodId": "food_avsq22zadwyb5cb5sl1byaa4mbo8"}, {"food": "mustard powder", "quantity": 0.75, "measure": "teaspoon", "foodId": "food_b0xqxo3a93nsz8a6ppdilau4ujwt"}, {"food": "salt", "quantity": 0.5, "measure": "teaspoon", "foodId": "food_btxz81db72hwbra2pncvebzzzum9"}, {"food": "black pepper", "quantity": 0.0, "measure": null, "foodId": "food_b6ywzluaaxv02wad7s1r9ag4py89"}]}, "Breakfast Focaccia recipes": {"url": "http://www.tastingtable.com/cook/recipes/breakfast-focaccia-bread-bacon-sausage-eggs-sheet-tray-meal", "healthLabels": ["Sugar-Conscious", "Peanut-Free", "Tree-Nut-Free", "Soy-Free", "Fish-Free", "Shellfish-Free", "Crustacean-Free", "Celery-Free", "Mustard-Free", "Sesame-Free", "Lupine-Free", "Mollusk-Free", "Alcohol-Free"], "calories": 5011, "totalTime": 45.0, "cuisineType": "italian", "imageName": "29.jpg", "ingredients": [{"food": "whole milk", "quantity": 1.0, "measure": "cup", "foodId": "food_b49rs1kaw0jktabzkg2vvanvvsis"}, {"food": "yeast", "quantity": 0.25, "measure": "ounce", "foodId": "food_a2xisx4br72i19btvvxgzayoelqj"}, {"food": "sugar", "quantity": 0.25, "measure": "teaspoon", "foodId": "food_axi2ijobrk819yb0adceobnhm1c2"}, {"food": "flour", "quantity": 5.0, "measure": "cup", "foodId": "food_ahebfs0a985an4aubqaebbipra58"}, {"food": "water", "quantity": 1.0, "measure": "cup", "foodId": "food_a99vzubbk1ayrsad318rvbzr3dh0"}, {"food": "cheddar cheese", "quantity": 1.0, "measure": "cup", "foodId": "food_bhppgmha1u27voagb8eptbp9g376"}, {"food": "extra-virgin olive oil", "quantity": 0.3333333333333333, "measure": "cup", "foodId": "food_b1d1icuad3iktrbqby0hiagafaz7"}, {"food": "kosher salt", "quantity": 2.0, "measure": "teaspoon", "foodId": "food_a1vgrj1bs8rd1majvmd9ubz8ttkg"}, {"food": "sausage", "quantity": 6.0, "measure": "ounce", "foodId": "food_aidvlr4a5hvqixbbd5rbhbb3wiri"}, {"food": "bacon", "quantity": 4.0, "measure": "strip", "foodId": "food_av0awb0bgs18qub01sd9kbx44b61"}, {"food": "roasted red pepper", "quantity": 1.0, "measure": "<unit>", "foodId": "food_b3qdnlvaxpt1i3ayle41la3mow3z"}, {"food": "eggs", "quantity": 6.0, "measure": "<unit>", "foodId": "food_bhpradua77pk16aipcvzeayg732r"}, {"food": "sea salt", "quantity": 0.0, "measure": null, "foodId": "food_a1vgrj1bs8rd1majvmd9ubz8ttkg"}, {"food": "parsley", "quantity": 0.0, "measure": null, "foodId": "food_b244pqdazw24zobr5vqu2bf0uid8"}, {"food": "thyme", "quantity": 0.0, "measure": null, "foodId": "food_b3o3cj7a5gskecb0ufphtadnbfqb"}]}, "Tropical Breakfast Parfait": {"url": "https://www.foodnetwork.com/recipes/rachael-ray/tropical-breakfast-parfait-recipe-1957021", "healthLabels": ["Vegetarian", "Pescatarian", "Egg-Free", "Peanut-Free", "Tree-Nut-Free", "Soy-Free", "Fish-Free", "Shellfish-Free", "Pork-Free", "Red-Meat-Free", "Crustacean-Free", "Celery-Free", "Mustard-Free", "Sesame-Free", "Lupine-Free", "Mollusk-Free", "Alcohol-Free", "No oil added", "Sulfite-Free", "Kosher"], "calories": 675, "totalTime": 5.0, "cuisineType": "french", "imageName": "30.jpg", "ingredients": [{"food": "vanilla yogurt", "quantity": 2.0, "measure": "cup", "foodId": "food_anys5uea4c804kadsixwvbcjpjov"}, {"food": "mandarin oranges", "quantity": 1.0, "measure": "<unit>", "foodId": "food_a24i0asarijf6nbnhkbbrbgy91bw"}, {"food": "breakfast cereal", "quantity": 0.75, "measure": "cup", "foodId": "food_adc1nzdb5zh4wya5q99krac7k8q6"}, {"food": "pineapple", "quantity": 1.0, "measure": "cup", "foodId": "food_b5maw38amr54vpat8d5vhbgmqfxn"}]}}}