{"burger": {"The Ultimate Burger": {"url": "https://www.epicurious.com/recipes/food/views/the-ultimate-burger-353654", "healthLabels": ["Dairy-Free", "Egg-Free", "Peanut-Free", "Tree-Nut-Free", "Soy-Free", "Fish-Free", "Shellfish-Free", "Pork-Free", "Crustacean-Free", "Celery-Free", "Sesame-Free", "Lupine-Free", "Mollusk-Free", "Alcohol-Free", "Sulfite-Free", "Kosher"], "calories": 2211, "totalTime": 0.0, "cuisineType": "american", "imageName": "81.jpg", "ingredients": [{"food": "flap steak", "quantity": 2.5, "measure": "pound", "foodId": "food_agvdl6pajjrz8sbghz0cdaz6q4yf"}, {"food": "ketchup", "quantity": 1.0, "measure": "burger", "foodId": "food_au7jthtab0n3era9uue8pauakroe"}]}, "Five Napkin Burger": {"url": "https://www.marthastewart.com/318291/five-napkin-burger", "healthLabels": ["Sugar-Conscious", "Peanut-Free", "Tree-Nut-Free", "Soy-Free", "Fish-Free", "Shellfish-Free", "Pork-Free", "Crustacean-Free", "Celery-Free", "Sesame-Free", "Lupine-Free", "Mollusk-Free", "Alcohol-Free", "Sulfite-Free"], "calories": 5308, "totalTime": 0.0, "cuisineType": "american", "imageName": "82.jpg", "ingredients": [{"food": "ground chuck", "quantity": 3.75, "measure": "pound", "foodId": "food_bknby1la98smrsbwnthinbam42nj"}, {"food": "hamburger buns", "quantity": 6.0, "measure": "<unit>", "foodId": "food_biei7e8ap2juekb162j79bu40fsu"}, {"food": "gruyere cheese", "quantity": 6.0, "measure": "ounce", "foodId": "food_al44s0sajaffq4afc73dlayimtt9"}, {"food": "onions", "quantity": 1.5, "measure": "cup", "foodId": "food_bmrvi4ob4binw9a5m7l07amlfcoy"}, {"food": "aioli", "quantity": 1.0, "measure": "cup", "foodId": "food_bu8t61zaplle7dbrzk81dbygq0qj"}]}, "Lamb kebab burger": {"url": "https://www.bbcgoodfood.com/recipes/lamb-kebab-burger", "healthLabels": ["Peanut-Free", "Tree-Nut-Free", "Soy-Free", "Fish-Free", "Shellfish-Free", "Pork-Free", "Crustacean-Free", "Celery-Free", "Lupine-Free", "Mollusk-Free", "Alcohol-Free", "Sulfite-Free"], "calories": 1922, "totalTime": 20.0, "cuisineType": "american", "imageName": "83.jpg", "ingredients": [{"food": "fat-free yogurt", "quantity": 2.0, "measure": "tablespoon", "foodId": "food_bq99rb6bfw035yaeise2hbhlg406"}, {"food": "mayonnaise", "quantity": 1.0, "measure": "tablespoon", "foodId": "food_bu8t61zaplle7dbrzk81dbygq0qj"}, {"food": "garlic", "quantity": 1.0, "measure": "clove", "foodId": "food_avtcmx6bgjv1jvay6s6stan8dnyp"}, {"food": "vegetable oil", "quantity": 0.5, "measure": "tablespoon", "foodId": "food_bt1mzi2ah2sfg8bv7no1qai83w8s"}, {"food": "lamb", "quantity": 2.0, "measure": "<unit>", "foodId": "food_bx8qx9map5nzuwbwhyi7fbtmcf3m"}, {"food": "burger buns", "quantity": 2.0, "measure": "<unit>", "foodId": "food_biei7e8ap2juekb162j79bu40fsu"}, {"food": "tomato", "quantity": 1.0, "measure": "<unit>", "foodId": "food_a6k79rrahp8fe2b26zussa3wtkqh"}, {"food": "gherkins", "quantity": 20.0, "measure": "gram", "foodId": "food_agpp74fajbrcasaouaei7a2xu2k2"}, {"food": "red chilli", "quantity": 1.0, "measure": "<unit>", "foodId": "food_a6g98mqatzj7vca6ms3bnbzqxf3s"}, {"food": "lettuce", "quantity": 1.0, "measure": "leaf", "foodId": "food_bf5fxtkbc9alwoajuvsi7amonr5w"}]}, "The Ultimate Cheese-Filled Beef and Pork Burger Recipe": {"url": "http://www.seriouseats.com/recipes/2013/07/the-ultimate-cheese-filled-beef-and-pork-burgers-recipe.html", "healthLabels": ["Egg-Free", "Peanut-Free", "Tree-Nut-Free", "Soy-Free", "Fish-Free", "Shellfish-Free", "Crustacean-Free", "Celery-Free", "Mustard-Free", "Sesame-Free", "Lupine-Free", "Mollusk-Free", "Alcohol-Free", "Sulfite-Free"], "calories": 1995, "totalTime": 20.0, "cuisineType": "american", "imageName": "84.jpg", "ingredients": [{"food": "top round", "quantity": 0.75, "measure": "pound", "foodId": "food_b7cf8o4aicxm3iajpfjm4b6vcmnx"}, {"food": "beef chuck", "quantity": 0.75, "measure": "pound", "foodId": "food_bknby1la98smrsbwnthinbam42nj"}, {"food": "cheddar cheese", "quantity": 0.25, "measure": "pound", "foodId": "food_bhppgmha1u27voagb8eptbp9g376"}, {"food": "salt", "quantity": 0.5, "measure": "teaspoon", "foodId": "food_btxz81db72hwbra2pncvebzzzum9"}, {"food": "black pepper", "quantity": 0.25, "measure": "teaspoon", "foodId": "food_b6ywzluaaxv02wad7s1r9ag4py89"}, {"food": "burger buns", "quantity": 4.0, "measure": "<unit>", "foodId": "food_biei7e8ap2juekb162j79bu40fsu"}, {"food": "romaine lettuce", "quantity": 8.0, "measure": "leaf", "foodId": "food_bfmb5cybk1o247bmrmry4a6jvp60"}, {"food": "beefsteak tomatos", "quantity": 2.0, "measure": "<unit>", "foodId": "food_a6k79rrahp8fe2b26zussa3wtkqh"}]}, "Duck Burger Recipe": {"url": "http://www.foodrepublic.com/2011/04/12/duck-burger-recipe", "healthLabels": ["Sugar-Conscious", "Peanut-Free", "Tree-Nut-Free", "Soy-Free", "Fish-Free", "Shellfish-Free", "Pork-Free", "Crustacean-Free", "Celery-Free", "Sesame-Free", "Lupine-Free", "Mollusk-Free", "Alcohol-Free", "Sulfite-Free"], "calories": 2055, "totalTime": 0.0, "cuisineType": "central europe", "imageName": "85.jpg", "ingredients": [{"food": "duck meat", "quantity": 1.0, "measure": "pound", "foodId": "food_b5cuc2ib4ud856ba7pldhbkrnr1m"}, {"food": "duck fat", "quantity": 1.0, "measure": "ounce", "foodId": "food_bry45ozakr1fgeaqqgt9sbw9onte"}, {"food": "scallions", "quantity": 4.0, "measure": "<unit>", "foodId": "food_bknlkyzbuzo27pb11whr4bttkuy6"}, {"food": "fresh ginger", "quantity": 2.0, "measure": "teaspoon", "foodId": "food_bi2ki2xb5zmmvbaiwf7ztbgktzp6"}, {"food": "five-spice powder", "quantity": 0.25, "measure": "teaspoon", "foodId": "food_avzem7oamop4dsa5wb65obt5ldgi"}, {"food": "salt", "quantity": 0.0, "measure": null, "foodId": "food_btxz81db72hwbra2pncvebzzzum9"}, {"food": "black pepper", "quantity": 0.0, "measure": null, "foodId": "food_b6ywzluaaxv02wad7s1r9ag4py89"}, {"food": "vegetable oil", "quantity": 2.0, "measure": "teaspoon", "foodId": "food_bt1mzi2ah2sfg8bv7no1qai83w8s"}, {"food": "swiss cheese", "quantity": 4.0, "measure": "slice", "foodId": "food_am9c0zybyfhgn9brc0imabzslets"}, {"food": "brioche", "quantity": 4.0, "measure": "roll", "foodId": "food_aewv2xra6flor4a0aevodbsnkdlc"}, {"food": "mayonnaise", "quantity": 0.0, "measure": null, "foodId": "food_bu8t61zaplle7dbrzk81dbygq0qj"}]}, "Double Mushroom Mesquite Burger": {"url": "https://food52.com/recipes/29333-double-mushroom-mesquite-burger", "healthLabels": ["Peanut-Free", "Tree-Nut-Free", "Soy-Free", "Fish-Free", "Shellfish-Free", "Pork-Free", "Crustacean-Free", "Celery-Free", "Sesame-Free", "Lupine-Free", "Mollusk-Free", "Alcohol-Free"], "calories": 2910, "totalTime": 0.0, "cuisineType": "french", "imageName": "86.jpg", "ingredients": [{"food": "ground chuck", "quantity": 1.5, "measure": "pound", "foodId": "food_bknby1la98smrsbwnthinbam42nj"}, {"food": "mushrooms", "quantity": 1.25, "measure": "cup", "foodId": "food_bvlose6arfl26ra396sjrb7hetqh"}, {"food": "liquid smoke", "quantity": 2.0, "measure": "tablespoon", "foodId": "food_a99vzubbk1ayrsad318rvbzr3dh0"}, {"food": "black pepper", "quantity": 1.0, "measure": "teaspoon", "foodId": "food_b6ywzluaaxv02wad7s1r9ag4py89"}, {"food": "salt", "quantity": 0.5, "measure": "teaspoon", "foodId": "food_btxz81db72hwbra2pncvebzzzum9"}, {"food": "swiss cheese", "quantity": 4.0, "measure": "piece", "foodId": "food_am9c0zybyfhgn9brc0imabzslets"}, {"food": "onion", "quantity": 1.0, "measure": "<unit>", "foodId": "food_bmrvi4ob4binw9a5m7l07amlfcoy"}, {"food": "burger buns", "quantity": 4.0, "measure": "<unit>", "foodId": "food_biei7e8ap2juekb162j79bu40fsu"}, {"food": "olive oil", "quantity": 2.0, "measure": "tablespoon", "foodId": "food_b1d1icuad3iktrbqby0hiagafaz7"}, {"food": "mayonnaise", "quantity": 0.5, "measure": "cup", "foodId": "food_bu8t61zaplle7dbrzk81dbygq0qj"}, {"food": "ginger", "quantity": 1.5, "measure": "teaspoon", "foodId": "food_bi2ki2xb5zmmvbaiwf7ztbgktzp6"}, {"food": "granulated sugar", "quantity": 1.0, "measure": "teaspoon", "foodId": "food_axi2ijobrk819yb0adceobnhm1c2"}]}, "Hawaiian Pork Burger recipes": {"url": "http://www.simplyrecipes.com/recipes/hawaiian_pork_burger/", "healthLabels": ["Dairy-Free", "Egg-Free", "Peanut-Free", "Tree-Nut-Free", "Soy-Free", "Fish-Free", "Shellfish-Free", "Crustacean-Free", "Celery-Free", "Mustard-Free", "Sesame-Free", "Lupine-Free", "Mollusk-Free", "Alcohol-Free", "Sulfite-Free"], "calories": 2140, "totalTime": 40.0, "cuisineType": "american", "imageName": "87.jpg", "ingredients": [{"food": "ground pork", "quantity": 1.0, "measure": "pound", "foodId": "food_a9ztr5sboipvteae9jcusblxo9ec"}, {"food": "green onion", "quantity": 0.25, "measure": "cup", "foodId": "food_bknlkyzbuzo27pb11whr4bttkuy6"}, {"food": "ground ginger", "quantity": 0.5, "measure": "teaspoon", "foodId": "food_a8l1yfna3fgp3ha4a5b5labyetgz"}, {"food": "ground allspice", "quantity": 0.125, "measure": "teaspoon", "foodId": "food_avzem7oamop4dsa5wb65obt5ldgi"}, {"food": "salt", "quantity": 0.125, "measure": "teaspoon", "foodId": "food_btxz81db72hwbra2pncvebzzzum9"}, {"food": "black pepper", "quantity": 1.0, "measure": "pinch", "foodId": "food_b6ywzluaaxv02wad7s1r9ag4py89"}, {"food": "pineapple", "quantity": 4.0, "measure": "ring", "foodId": "food_auq934abrnrrnramqxvg3b0r2m1i"}, {"food": "barbecue sauce", "quantity": 0.25, "measure": "cup", "foodId": "food_avt8j2wabi4myjaafpo4makv3lqn"}, {"food": "burger buns", "quantity": 4.0, "measure": "<unit>", "foodId": "food_biei7e8ap2juekb162j79bu40fsu"}, {"food": "lettuce", "quantity": 4.0, "measure": "leaf", "foodId": "food_bf5fxtkbc9alwoajuvsi7amonr5w"}, {"food": "ham", "quantity": 0.25, "measure": "pound", "foodId": "food_bd97wcfb5tcjnybmibiyeaqrernd"}]}, "Roasted Tomato, Eggplant And Haloumi Burger": {"url": "http://www.donnahay.com.au/recipes/mains/vegetables/roasted-tomato-eggplant-and-haloumi-burger", "healthLabels": ["Vegetarian", "Pescatarian", "Peanut-Free", "Tree-Nut-Free", "Soy-Free", "Fish-Free", "Shellfish-Free", "Pork-Free", "Red-Meat-Free", "Crustacean-Free", "Celery-Free", "Sesame-Free", "Lupine-Free", "Mollusk-Free", "Alcohol-Free", "Sulfite-Free", "Kosher"], "calories": 1454, "totalTime": 0.0, "cuisineType": "nordic", "imageName": "88.jpg", "ingredients": [{"food": "tomatoes", "quantity": 2.0, "measure": "<unit>", "foodId": "food_a6k79rrahp8fe2b26zussa3wtkqh"}, {"food": "olive oil", "quantity": 0.0, "measure": null, "foodId": "food_b1d1icuad3iktrbqby0hiagafaz7"}, {"food": "burger buns", "quantity": 4.0, "measure": "<unit>", "foodId": "food_biei7e8ap2juekb162j79bu40fsu"}, {"food": "eggplant", "quantity": 1.0, "measure": "<unit>", "foodId": "food_ac9n68caswlpggbp7727varlyjk5"}, {"food": "haloumi", "quantity": 250.0, "measure": "gram", "foodId": "food_biry7gubtkpad3a7qkz6uba5acn9"}, {"food": "mayonnaise", "quantity": 0.0, "measure": null, "foodId": "food_bu8t61zaplle7dbrzk81dbygq0qj"}, {"food": "red onions", "quantity": 0.0, "measure": null, "foodId": "food_bmrvi4ob4binw9a5m7l07amlfcoy"}, {"food": "rocket", "quantity": 0.0, "measure": null, "foodId": "food_a8z1kzrawhksuzav2g1irb6zf4zc"}, {"food": "arugula", "quantity": 0.0, "measure": null, "foodId": "food_a8z1kzrawhksuzav2g1irb6zf4zc"}]}, "The ultimate veggie burger": {"url": "http://www.bbc.co.uk/food/recipes/theultimateveggiebur_91774", "healthLabels": ["Vegetarian", "Pescatarian", "Dairy-Free", "Peanut-Free", "Tree-Nut-Free", "Fish-Free", "Shellfish-Free", "Pork-Free", "Red-Meat-Free", "Crustacean-Free", "Celery-Free", "Sesame-Free", "Lupine-Free", "Mollusk-Free", "Alcohol-Free", "Sulfite-Free", "Kosher"], "calories": 2372, "totalTime": 60.0, "cuisineType": "nordic", "imageName": "89.jpg", "ingredients": [{"food": "olive oil", "quantity": 3.5, "measure": "tablespoon", "foodId": "food_b1d1icuad3iktrbqby0hiagafaz7"}, {"food": "onion", "quantity": 1.0, "measure": "<unit>", "foodId": "food_bmrvi4ob4binw9a5m7l07amlfcoy"}, {"food": "firm tofu", "quantity": 250.0, "measure": "gram", "foodId": "food_bu9fz3paqr6xcebft7onna22v8ve"}, {"food": "beetroot", "quantity": 1.0, "measure": "<unit>", "foodId": "food_bofj0lnbbcv11zblx10sob7clgvp"}, {"food": "mushrooms", "quantity": 150.0, "measure": "gram", "foodId": "food_bvlose6arfl26ra396sjrb7hetqh"}, {"food": "carrot", "quantity": 1.0, "measure": "<unit>", "foodId": "food_ai215e5b85pdh5ajd4aafa3w2zm8"}, {"food": "smoked paprika", "quantity": 1.0, "measure": "teaspoon", "foodId": "food_a9dpcnjb883g67b3lq82ca0421ql"}, {"food": "garlic", "quantity": 1.0, "measure": "clove", "foodId": "food_avtcmx6bgjv1jvay6s6stan8dnyp"}, {"food": "fresh thyme", "quantity": 1.0, "measure": "teaspoon", "foodId": "food_b3o3cj7a5gskecb0ufphtadnbfqb"}, {"food": "kidney beans", "quantity": 1.0, "measure": "tablespoon", "foodId": "food_bh0xrcsbwy52d9a4ugv9bam51wnv"}, {"food": "salt", "quantity": 0.0, "measure": null, "foodId": "food_btxz81db72hwbra2pncvebzzzum9"}, {"food": "black pepper", "quantity": 0.0, "measure": null, "foodId": "food_b6ywzluaaxv02wad7s1r9ag4py89"}, {"food": "burger buns", "quantity": 6.0, "measure": "<unit>", "foodId": "food_biei7e8ap2juekb162j79bu40fsu"}, {"food": "mayonnaise", "quantity": 6.0, "measure": "tablespoon", "foodId": "food_bu8t61zaplle7dbrzk81dbygq0qj"}, {"food": "beefsteak tomatoes", "quantity": 3.0, "measure": "<unit>", "foodId": "food_a6k79rrahp8fe2b26zussa3wtkqh"}, {"food": "gherkins", "quantity": 2.5, "measure": "<unit>", "foodId": "food_agpp74fajbrcasaouaei7a2xu2k2"}]}, "Baked Cheesy Burger Buns": {"url": "http://www.thedailymeal.com/recipes/baked-cheesy-burger-buns-recipe", "healthLabels": ["Low Potassium", "Kidney-Friendly", "Vegetarian", "Pescatarian", "Mediterranean", "Peanut-Free", "Tree-Nut-Free", "Soy-Free", "Fish-Free", "Shellfish-Free", "Pork-Free", "Red-Meat-Free", "Crustacean-Free", "Celery-Free", "Mustard-Free", "Sesame-Free", "Lupine-Free", "Mollusk-Free", "Alcohol-Free", "Sulfite-Free", "Kosher"], "calories": 1163, "totalTime": 0.0, "cuisineType": "american", "imageName": "90.jpg", "ingredients": [{"food": "burger buns", "quantity": 1.0, "measure": "package", "foodId": "food_biei7e8ap2juekb162j79bu40fsu"}, {"food": "egg", "quantity": 1.0, "measure": "<unit>", "foodId": "food_bhpradua77pk16aipcvzeayg732r"}, {"food": "milk", "quantity": 1.0, "measure": "teaspoon", "foodId": "food_b49rs1kaw0jktabzkg2vvanvvsis"}, {"food": "cheddar cheese", "quantity": 0.25, "measure": "cup", "foodId": "food_bhppgmha1u27voagb8eptbp9g376"}, {"food": "parmigiano reggiano", "quantity": 2.0, "measure": "tablespoon", "foodId": "food_a104ppxa06d3emb272fkcab3cugd"}]}}}