{"burrito": {"Grilled Veggie Burrito": {"url": "http://thepioneerwoman.com/cooking/2014/06/grilled-veggie-burritos/", "healthLabels": ["Egg-Free", "Peanut-Free", "Tree-Nut-Free", "Soy-Free", "Fish-Free", "Shellfish-Free", "Pork-Free", "Red-Meat-Free", "Crustacean-Free", "Celery-Free", "Mustard-Free", "Sesame-Free", "Lupine-Free", "Mollusk-Free", "Alcohol-Free", "Sulfite-Free"], "calories": 4321, "totalTime": 0.0, "cuisineType": "mexican", "imageName": "129.jpg", "ingredients": [{"food": "olive oil", "quantity": 1.0, "measure": "tablespoon", "foodId": "food_b1d1icuad3iktrbqby0hiagafaz7"}, {"food": "long grain rice", "quantity": 2.0, "measure": "cup", "foodId": "food_aoretmhabmvwy5be2cqeva2lxi7k"}, {"food": "low sodium chicken broth", "quantity": 4.0, "measure": "cup", "foodId": "food_axg87lea13vni7a0lc9adauqgcs9"}, {"food": "limes", "quantity": 2.0, "measure": "<unit>", "foodId": "food_av58muyb8kg92fbk0g8g8aui5knv"}, {"food": "cilantro", "quantity": 0.25, "measure": "cup", "foodId": "food_alhzhuwb4lc7jnb5s6f02by60bzp"}, {"food": "zucchini", "quantity": 2.0, "measure": "<unit>", "foodId": "food_avpihljbuwpd8ibbmahcabaros5s"}, {"food": "squash", "quantity": 1.0, "measure": "<unit>", "foodId": "food_b1a90x2by6m8pnbsdfxnmascz2tc"}, {"food": "corn", "quantity": 2.0, "measure": "ear", "foodId": "food_b4wvre6b14mmkpaa22d8ybup8q51"}, {"food": "salt", "quantity": 0.0, "measure": null, "foodId": "food_btxz81db72hwbra2pncvebzzzum9"}, {"food": "black beans", "quantity": 15.0, "measure": "ounce", "foodId": "food_bazzo85azdbkmsb56nu4ra5rphoe"}, {"food": "flour tortillas", "quantity": 6.0, "measure": "<unit>", "foodId": "food_a9ql6pdb639bs5b2nlvbob3w0mlj"}, {"food": "onion", "quantity": 1.0, "measure": "<unit>", "foodId": "food_bmrvi4ob4binw9a5m7l07amlfcoy"}, {"food": "roma tomatoes", "quantity": 2.0, "measure": "<unit>", "foodId": "food_ab8jymba5i5xv3apgymg7a90bxb5"}, {"food": "jack cheese", "quantity": 1.0, "measure": "cup", "foodId": "food_atp17pta7d5it2a80ct13ard6aj3"}, {"food": "salsa", "quantity": 0.0, "measure": null, "foodId": "food_b0t3obfawlm5k2b6erxscacez35u"}, {"food": "sour cream", "quantity": 0.0, "measure": null, "foodId": "food_adp9fcubzl3lr7bcvzn3rbfiiiwq"}, {"food": "guacamole", "quantity": 0.0, "measure": null, "foodId": "food_bflwu59aqjdfhzbgqr68qai8mgk8"}, {"food": "hot sauce", "quantity": 0.0, "measure": null, "foodId": "food_a6201h1bu1m0tfbrvis6ma6nvhzv"}]}, "Bean and Cheese Burritos recipes": {"url": "http://www.marthastewart.com/313990/bean-and-cheese-burritos", "healthLabels": ["Sugar-Conscious", "Pescatarian", "Egg-Free", "Peanut-Free", "Tree-Nut-Free", "Soy-Free", "Fish-Free", "Shellfish-Free", "Pork-Free", "Red-Meat-Free", "Crustacean-Free", "Celery-Free", "Mustard-Free", "Sesame-Free", "Lupine-Free", "Mollusk-Free", "Alcohol-Free", "Sulfite-Free", "Kosher"], "calories": 2123, "totalTime": 30.0, "cuisineType": "mexican", "imageName": "130.jpg", "ingredients": [{"food": "rice", "quantity": 1.0, "measure": "cup", "foodId": "food_bpumdjzb5rtqaeabb0kbgbcgr4t9"}, {"food": "vegetable broth", "quantity": 1.75, "measure": "cup", "foodId": "food_bb2qjrjamst0vmam39stubtkmrs4"}, {"food": "refried beans", "quantity": 15.0, "measure": "ounce", "foodId": "food_bzv86lua3wzzuqbhx7gmhb8s4fgd"}, {"food": "flour tortillas", "quantity": 4.0, "measure": "<unit>", "foodId": "food_a9ql6pdb639bs5b2nlvbob3w0mlj"}, {"food": "sour cream", "quantity": 0.25, "measure": "cup", "foodId": "food_adp9fcubzl3lr7bcvzn3rbfiiiwq"}, {"food": "cheddar", "quantity": 2.5, "measure": "ounce", "foodId": "food_bhppgmha1u27voagb8eptbp9g376"}, {"food": "romaine lettuce", "quantity": 2.0, "measure": "cup", "foodId": "food_bfmb5cybk1o247bmrmry4a6jvp60"}, {"food": "salsa", "quantity": 0.5, "measure": "cup", "foodId": "food_b0t3obfawlm5k2b6erxscacez35u"}]}, "Breakfast burrito": {"url": "https://www.bbcgoodfood.com/recipes/breakfast-burrito", "healthLabels": ["Vegetarian", "Pescatarian", "Dairy-Free", "Peanut-Free", "Tree-Nut-Free", "Fish-Free", "Shellfish-Free", "Pork-Free", "Red-Meat-Free", "Crustacean-Free", "Celery-Free", "Mustard-Free", "Sesame-Free", "Lupine-Free", "Mollusk-Free", "Alcohol-Free", "Sulfite-Free", "Kosher"], "calories": 422, "totalTime": 15.0, "cuisineType": "mexican", "imageName": "131.jpg", "ingredients": [{"food": "chipotle paste", "quantity": 1.0, "measure": "teaspoon", "foodId": "food_bonqr8qb4zyrg8au0kw2ab66nnxa"}, {"food": "egg", "quantity": 1.0, "measure": "<unit>", "foodId": "food_bhpradua77pk16aipcvzeayg732r"}, {"food": "rapeseed oil", "quantity": 1.0, "measure": "teaspoon", "foodId": "food_bk9p9aaavhvoq4bqsnprobpsiuxs"}, {"food": "kale", "quantity": 50.0, "measure": "gram", "foodId": "food_avmg2xfbv1p91yavoxjg7bddvfaz"}, {"food": "cherry tomatoes", "quantity": 7.0, "measure": "<unit>", "foodId": "food_a30b0hpbvavginafe0tocbf6ymje"}, {"food": "avocado", "quantity": 0.5, "measure": "<unit>", "foodId": "food_b0yuze4b1g3afpanijno5abtiu28"}, {"food": "wrap", "quantity": 1.0, "measure": "tortilla", "foodId": "food_a9ql6pdb639bs5b2nlvbob3w0mlj"}]}, "Quick and Easy Ground Beef Burrito": {"url": "http://www.thedailymeal.com/recipes/easy-ground-beef-burrito-recipe", "healthLabels": ["Egg-Free", "Peanut-Free", "Tree-Nut-Free", "Soy-Free", "Fish-Free", "Shellfish-Free", "Pork-Free", "Crustacean-Free", "Celery-Free", "Mustard-Free", "Sesame-Free", "Lupine-Free", "Mollusk-Free", "Alcohol-Free", "Sulfite-Free"], "calories": 4640, "totalTime": 0.0, "cuisineType": "mexican", "imageName": "132.jpg", "ingredients": [{"food": "canola oil", "quantity": 2.0, "measure": "tablespoon", "foodId": "food_bk9p9aaavhvoq4bqsnprobpsiuxs"}, {"food": "ground beef", "quantity": 1.0, "measure": "pound", "foodId": "food_boq91pbbhklr6sb0d9sbybzgklkm"}, {"food": "seasoning", "quantity": 1.0, "measure": "package", "foodId": "food_aj7w3xab0epj7cbgkbkpwadysovd"}, {"food": "water", "quantity": 1.25, "measure": "cup", "foodId": "food_a99vzubbk1ayrsad318rvbzr3dh0"}, {"food": "brown rice", "quantity": 8.800000190734863, "measure": "ounce", "foodId": "food_aro09r9avsklizbsberuoaegj0uh"}, {"food": "black beans", "quantity": 15.0, "measure": "ounce", "foodId": "food_bazzo85azdbkmsb56nu4ra5rphoe"}, {"food": "corn", "quantity": 15.0, "measure": "ounce", "foodId": "food_b26mh3ubkdgxt3bcvqqu3a0mm6fr"}, {"food": "wheat tortillas", "quantity": 1.0, "measure": "package", "foodId": "food_a9ql6pdb639bs5b2nlvbob3w0mlj"}, {"food": "salsa", "quantity": 1.0, "measure": "serving", "foodId": "food_b0t3obfawlm5k2b6erxscacez35u"}, {"food": "fat-free sour cream", "quantity": 1.0, "measure": "serving", "foodId": "food_b28xzkhbgngalsarz4ti4b3tkock"}, {"food": "jalape\u00f1os", "quantity": 1.0, "measure": "serving", "foodId": "food_b7txsnbadj6plsbq27zvwah80r6y"}, {"food": "cheese", "quantity": 1.0, "measure": "serving", "foodId": "food_bhppgmha1u27voagb8eptbp9g376"}]}, "Scrambled Burrito": {"url": "https://www.epicurious.com/recipes/food/views/scrambled-burrito-352209", "healthLabels": ["Sugar-Conscious", "Vegetarian", "Pescatarian", "Peanut-Free", "Tree-Nut-Free", "Soy-Free", "Fish-Free", "Shellfish-Free", "Pork-Free", "Red-Meat-Free", "Crustacean-Free", "Celery-Free", "Mustard-Free", "Sesame-Free", "Lupine-Free", "Mollusk-Free", "Alcohol-Free", "Sulfite-Free", "Kosher"], "calories": 1222, "totalTime": 0.0, "cuisineType": "mexican", "imageName": "133.jpg", "ingredients": [{"food": "flour tortillas", "quantity": 2.0, "measure": "<unit>", "foodId": "food_a9ql6pdb639bs5b2nlvbob3w0mlj"}, {"food": "eggs", "quantity": 4.0, "measure": "<unit>", "foodId": "food_bhpradua77pk16aipcvzeayg732r"}, {"food": "milk", "quantity": 2.0, "measure": "tablespoon", "foodId": "food_b49rs1kaw0jktabzkg2vvanvvsis"}, {"food": "salt", "quantity": 0.0, "measure": null, "foodId": "food_btxz81db72hwbra2pncvebzzzum9"}, {"food": "black pepper", "quantity": 0.0, "measure": null, "foodId": "food_b6ywzluaaxv02wad7s1r9ag4py89"}, {"food": "cilantro", "quantity": 2.0, "measure": "tablespoon", "foodId": "food_alhzhuwb4lc7jnb5s6f02by60bzp"}, {"food": "unsalted butter", "quantity": 2.0, "measure": "tablespoon", "foodId": "food_awz3iefajbk1fwahq9logahmgltj"}, {"food": "avocado", "quantity": 0.5, "measure": "<unit>", "foodId": "food_b0yuze4b1g3afpanijno5abtiu28"}, {"food": "monterey jack", "quantity": 2.0, "measure": "ounce", "foodId": "food_atp17pta7d5it2a80ct13ard6aj3"}, {"food": "sour cream", "quantity": 2.0, "measure": "tablespoon", "foodId": "food_adp9fcubzl3lr7bcvzn3rbfiiiwq"}]}, "Black Bean and Feta Stuffed Burrito": {"url": "https://www.realsimple.com/food-recipes/browse-all-recipes/black-bean-feta-stuffed-burrito", "healthLabels": ["Egg-Free", "Peanut-Free", "Tree-Nut-Free", "Soy-Free", "Fish-Free", "Shellfish-Free", "Pork-Free", "Red-Meat-Free", "Crustacean-Free", "Celery-Free", "Mustard-Free", "Sesame-Free", "Lupine-Free", "Mollusk-Free", "Alcohol-Free", "Sulfite-Free"], "calories": 2902, "totalTime": 60.0, "cuisineType": "mexican", "imageName": "134.jpg", "ingredients": [{"food": "brown rice", "quantity": 0.5, "measure": "cup", "foodId": "food_aro09r9avsklizbsberuoaegj0uh"}, {"food": "greek yogurt", "quantity": 1.0, "measure": "cup", "foodId": "food_bllzl82a5fkj4yanmzoztapdyryz"}, {"food": "cilantro leaves", "quantity": 0.25, "measure": "cup", "foodId": "food_alhzhuwb4lc7jnb5s6f02by60bzp"}, {"food": "lime juice", "quantity": 2.0, "measure": "tablespoon", "foodId": "food_b0iywbmaujvd4eblrooo9bsvn7e6"}, {"food": "kosher salt", "quantity": 0.0, "measure": null, "foodId": "food_a1vgrj1bs8rd1majvmd9ubz8ttkg"}, {"food": "avocados", "quantity": 2.0, "measure": "<unit>", "foodId": "food_b0yuze4b1g3afpanijno5abtiu28"}, {"food": "feta", "quantity": 1.0, "measure": "cup", "foodId": "food_biry7gubtkpad3a7qkz6uba5acn9"}, {"food": "red cabbage", "quantity": 1.0, "measure": "cup", "foodId": "food_as6y3qxbhlnjdbbt1z5xkb0ghgne"}, {"food": "black beans", "quantity": 15.5, "measure": "ounce", "foodId": "food_bazzo85azdbkmsb56nu4ra5rphoe"}, {"food": "cucumber", "quantity": 0.5, "measure": "<unit>", "foodId": "food_bv7aggjag9rxsaatklqzobca5fzn"}, {"food": "chicken", "quantity": 2.0, "measure": "cup", "foodId": "food_bmyxrshbfao9s1amjrvhoauob6mo"}, {"food": "hot sauce", "quantity": 1.0, "measure": "tablespoon", "foodId": "food_a6201h1bu1m0tfbrvis6ma6nvhzv"}, {"food": "tortillas", "quantity": 4.0, "measure": "<unit>", "foodId": "food_bhw0b95agm97s0abfignnb8fsvb3"}]}, "Flying Mayan Burrito": {"url": "https://www.foodnetwork.com/recipes/flying-mayan-burrito-recipe-1953652", "healthLabels": ["Vegetarian", "Pescatarian", "Egg-Free", "Peanut-Free", "Tree-Nut-Free", "Soy-Free", "Fish-Free", "Shellfish-Free", "Pork-Free", "Red-Meat-Free", "Crustacean-Free", "Celery-Free", "Mustard-Free", "Sesame-Free", "Lupine-Free", "Mollusk-Free", "Kosher"], "calories": 6853, "totalTime": 135.0, "cuisineType": "mexican", "imageName": "135.jpg", "ingredients": [{"food": "flour tortillas", "quantity": 6.0, "measure": "<unit>", "foodId": "food_a9ql6pdb639bs5b2nlvbob3w0mlj"}, {"food": "salsa", "quantity": 1.5, "measure": "cup", "foodId": "food_b0t3obfawlm5k2b6erxscacez35u"}, {"food": "guacamole", "quantity": 1.5, "measure": "cup", "foodId": "food_bflwu59aqjdfhzbgqr68qai8mgk8"}, {"food": "sour cream", "quantity": 0.75, "measure": "cup", "foodId": "food_adp9fcubzl3lr7bcvzn3rbfiiiwq"}, {"food": "black beans", "quantity": 1.0, "measure": "pound", "foodId": "food_bb53m3oaj7ee3fagvj9lka0r56t4"}, {"food": "onions", "quantity": 2.0, "measure": "<unit>", "foodId": "food_bmrvi4ob4binw9a5m7l07amlfcoy"}, {"food": "garlic", "quantity": 6.0, "measure": "clove", "foodId": "food_avtcmx6bgjv1jvay6s6stan8dnyp"}, {"food": "olive oil", "quantity": 0.25, "measure": "cup", "foodId": "food_b1d1icuad3iktrbqby0hiagafaz7"}, {"food": "water", "quantity": 4.0, "measure": "cup", "foodId": "food_a99vzubbk1ayrsad318rvbzr3dh0"}, {"food": "plum tomatoes", "quantity": 4.0, "measure": "<unit>", "foodId": "food_ab8jymba5i5xv3apgymg7a90bxb5"}, {"food": "red wine", "quantity": 0.5, "measure": "cup", "foodId": "food_b5q0xv2ba8la5hbzdfzdgaca3fwu"}, {"food": "kosher salt", "quantity": 0.0, "measure": null, "foodId": "food_a1vgrj1bs8rd1majvmd9ubz8ttkg"}, {"food": "black pepper", "quantity": 0.0, "measure": null, "foodId": "food_b6ywzluaaxv02wad7s1r9ag4py89"}, {"food": "sweet potatoes", "quantity": 2.5, "measure": "pound", "foodId": "food_bg68yf2b3dlfusawgs590bjloxfd"}, {"food": "green chiles", "quantity": 4.0, "measure": "ounce", "foodId": "food_bv2gevdbd1orbiarnp1vfaez1r85"}, {"food": "butter", "quantity": 4.0, "measure": "ounce", "foodId": "food_awz3iefajbk1fwahq9logahmgltj"}, {"food": "tequila", "quantity": 1.0, "measure": "ounce", "foodId": "food_ajguqpia53yz3oah6w2frad3tz65"}, {"food": "light brown sugar", "quantity": 1.0, "measure": "tablespoon", "foodId": "food_aodgtqwbmeu5f6bxeffn0art3bga"}]}, "Burrito": {"url": "http://www.pbs.org/food/recipes/burrito/", "healthLabels": ["Vegetarian", "Pescatarian", "Egg-Free", "Peanut-Free", "Tree-Nut-Free", "Soy-Free", "Fish-Free", "Shellfish-Free", "Pork-Free", "Red-Meat-Free", "Crustacean-Free", "Celery-Free", "Mustard-Free", "Sesame-Free", "Lupine-Free", "Mollusk-Free", "Alcohol-Free", "Sulfite-Free", "Kosher"], "calories": 8371, "totalTime": 104.0, "cuisineType": "mexican", "imageName": "136.jpg", "ingredients": [{"food": "whole wheat tortillas", "quantity": 6.0, "measure": "<unit>", "foodId": "food_btm0q4fagybgadbdm8wnwa0o2ytg"}, {"food": "rice", "quantity": 4.0, "measure": "cup", "foodId": "food_bpumdjzb5rtqaeabb0kbgbcgr4t9"}, {"food": "black beans", "quantity": 4.0, "measure": "cup", "foodId": "food_bb53m3oaj7ee3fagvj9lka0r56t4"}, {"food": "salsa", "quantity": 2.0, "measure": "cup", "foodId": "food_b0t3obfawlm5k2b6erxscacez35u"}, {"food": "guacamole", "quantity": 2.0, "measure": "cup", "foodId": "food_bflwu59aqjdfhzbgqr68qai8mgk8"}, {"food": "sweet potatoes", "quantity": 4.0, "measure": "<unit>", "foodId": "food_bg68yf2b3dlfusawgs590bjloxfd"}, {"food": "spinach", "quantity": 2.0, "measure": "cup", "foodId": "food_aoceuc6bshdej1bbsdammbnj6l6o"}, {"food": "cheese", "quantity": 1.0, "measure": "cup", "foodId": "food_bhppgmha1u27voagb8eptbp9g376"}]}, "Breakfast Burrito Recipe": {"url": "http://www.foodrepublic.com/2011/04/16/breakfast-burrito-recipe", "healthLabels": ["Peanut-Free", "Tree-Nut-Free", "Soy-Free", "Fish-Free", "Shellfish-Free", "Crustacean-Free", "Celery-Free", "Mustard-Free", "Sesame-Free", "Lupine-Free", "Mollusk-Free", "Alcohol-Free", "Sulfite-Free"], "calories": 3285, "totalTime": 0.0, "cuisineType": "mexican", "imageName": "137.jpg", "ingredients": [{"food": "olive oil", "quantity": 3.0, "measure": "tablespoon", "foodId": "food_b1d1icuad3iktrbqby0hiagafaz7"}, {"food": "potatoes", "quantity": 1.0, "measure": "cup", "foodId": "food_abiw5baauresjmb6xpap2bg3otzu"}, {"food": "peppers", "quantity": 1.0, "measure": "cup", "foodId": "food_bz8rcwobbzm7zhb3wh2n7aznivou"}, {"food": "onion", "quantity": 1.0, "measure": "<unit>", "foodId": "food_bmrvi4ob4binw9a5m7l07amlfcoy"}, {"food": "hot italian sausage", "quantity": 2.0, "measure": "link", "foodId": "food_a6z51qra5sgreaa8hpu5datt7c52"}, {"food": "eggs", "quantity": 8.0, "measure": "<unit>", "foodId": "food_bhpradua77pk16aipcvzeayg732r"}, {"food": "milk", "quantity": 0.25, "measure": "cup", "foodId": "food_b49rs1kaw0jktabzkg2vvanvvsis"}, {"food": "flour tortillas", "quantity": 8.0, "measure": "<unit>", "foodId": "food_a9ql6pdb639bs5b2nlvbob3w0mlj"}, {"food": "cheddar cheese", "quantity": 0.5, "measure": "cup", "foodId": "food_bhppgmha1u27voagb8eptbp9g376"}, {"food": "salt", "quantity": 0.0, "measure": null, "foodId": "food_btxz81db72hwbra2pncvebzzzum9"}, {"food": "black pepper", "quantity": 0.0, "measure": null, "foodId": "food_b6ywzluaaxv02wad7s1r9ag4py89"}, {"food": "salsa", "quantity": 0.0, "measure": null, "foodId": "food_b0t3obfawlm5k2b6erxscacez35u"}]}, "Bean and rice burrito": {"url": "http://www.bbc.co.uk/food/recipes/bean_and_rice_burrito_33565", "healthLabels": ["Vegetarian", "Pescatarian", "Mediterranean", "Egg-Free", "Peanut-Free", "Tree-Nut-Free", "Soy-Free", "Fish-Free", "Shellfish-Free", "Pork-Free", "Red-Meat-Free", "Crustacean-Free", "Celery-Free", "Mustard-Free", "Sesame-Free", "Lupine-Free", "Mollusk-Free", "Alcohol-Free", "Sulfite-Free", "Kosher"], "calories": 2155, "totalTime": 60.0, "cuisineType": "mexican", "imageName": "138.jpg", "ingredients": [{"food": "onion", "quantity": 0.5, "measure": "<unit>", "foodId": "food_bmrvi4ob4binw9a5m7l07amlfcoy"}, {"food": "tomatoes", "quantity": 200.0, "measure": "gram", "foodId": "food_a6k79rrahp8fe2b26zussa3wtkqh"}, {"food": "white wine vinegar", "quantity": 1.0, "measure": "tablespoon", "foodId": "food_ai77igmb8f0rj6blsokr8bxx5n2n"}, {"food": "lime", "quantity": 1.0, "measure": "<unit>", "foodId": "food_av58muyb8kg92fbk0g8g8aui5knv"}, {"food": "salt", "quantity": 0.0, "measure": null, "foodId": "food_btxz81db72hwbra2pncvebzzzum9"}, {"food": "pepper", "quantity": 0.0, "measure": null, "foodId": "food_b6ywzluaaxv02wad7s1r9ag4py89"}, {"food": "chilli sauce", "quantity": 400.0, "measure": "gram", "foodId": "food_a6201h1bu1m0tfbrvis6ma6nvhzv"}, {"food": "sweetcorn", "quantity": 200.0, "measure": "gram", "foodId": "food_b4wvre6b14mmkpaa22d8ybup8q51"}, {"food": "wraps", "quantity": 8.0, "measure": "tortilla", "foodId": "food_a9ql6pdb639bs5b2nlvbob3w0mlj"}, {"food": "long-grain rice", "quantity": 150.0, "measure": "gram", "foodId": "food_aoretmhabmvwy5be2cqeva2lxi7k"}, {"food": "plain yoghurt", "quantity": 200.0, "measure": "gram", "foodId": "food_a79ojfkbgdeekgblqmky9bunr8f6"}]}}}