{"cake": {"Caramel Cake": {"url": "http://www.lottieanddoof.com/2009/02/my-favorite-cake-period/", "healthLabels": ["Low Potassium", "Kidney-Friendly", "Vegetarian", "Pescatarian", "Peanut-Free", "Tree-Nut-Free", "Soy-Free", "Fish-Free", "Shellfish-Free", "Pork-Free", "Red-Meat-Free", "Crustacean-Free", "Celery-Free", "Mustard-Free", "Sesame-Free", "Lupine-Free", "Mollusk-Free", "Alcohol-Free", "Kosher"], "calories": 4209, "totalTime": 0.0, "cuisineType": "american", "imageName": "174.jpg", "ingredients": [{"food": "cake flour", "quantity": 2.0, "measure": "cup", "foodId": "food_ani7vifaibaoiyb7mwh2obf054t3"}, {"food": "baking powder", "quantity": 1.0, "measure": "teaspoon", "foodId": "food_bad4zycbt4w60dbut111vaub2g3e"}, {"food": "baking soda", "quantity": 0.75, "measure": "teaspoon", "foodId": "food_asa4cjoa3lmt8ibwdg0cpblheo69"}, {"food": "salt", "quantity": 0.5, "measure": "teaspoon", "foodId": "food_btxz81db72hwbra2pncvebzzzum9"}, {"food": "unsalted butter", "quantity": 4.0, "measure": "ounce", "foodId": "food_awz3iefajbk1fwahq9logahmgltj"}, {"food": "granulated sugar", "quantity": 1.0, "measure": "cup", "foodId": "food_axi2ijobrk819yb0adceobnhm1c2"}, {"food": "vanilla extract", "quantity": 1.0, "measure": "teaspoon", "foodId": "food_bh1wvnqaw3q7ciascfoygaabax2a"}, {"food": "eggs", "quantity": 2.0, "measure": "<unit>", "foodId": "food_bhpradua77pk16aipcvzeayg732r"}, {"food": "buttermilk", "quantity": 1.0, "measure": "cup", "foodId": "food_axwuni1bjd81cybjn45rwb25o4jb"}, {"food": "heavy cream", "quantity": 1.0, "measure": "cup", "foodId": "food_bgtkr21b5v16mca246x9ebnaswyo"}, {"food": "light brown sugar", "quantity": 0.5, "measure": "cup", "foodId": "food_aodgtqwbmeu5f6bxeffn0art3bga"}, {"food": "light corn syrup", "quantity": 1.0, "measure": "tablespoon", "foodId": "food_b8n4w6faic9hd1a7t9vx1bxq42wr"}]}, "Cakespy: Crumb Cake Shake Recipe": {"url": "http://www.seriouseats.com/recipes/2011/01/cakespy-crumb-cake-milkshake-recipe.html", "healthLabels": ["Vegetarian", "Pescatarian", "Peanut-Free", "Soy-Free", "Fish-Free", "Shellfish-Free", "Pork-Free", "Red-Meat-Free", "Crustacean-Free", "Celery-Free", "Mustard-Free", "Sesame-Free", "Lupine-Free", "Mollusk-Free", "Alcohol-Free", "Sulfite-Free", "Kosher"], "calories": 621, "totalTime": 2.0, "cuisineType": "american", "imageName": "175.jpg", "ingredients": [{"food": "crumb cake", "quantity": 1.0, "measure": "slice", "foodId": "food_bt6nwngbhljyuta2la7pdajy90sg"}, {"food": "ice cream", "quantity": 2.0, "measure": "scoop", "foodId": "food_bsg87una16tr8waipd66na9drm1k"}, {"food": "heavy cream", "quantity": 0.25, "measure": "cup", "foodId": "food_bgtkr21b5v16mca246x9ebnaswyo"}]}, "Champagne Cake": {"url": "https://food52.com/recipes/25586-champagne-cake", "healthLabels": ["Low Potassium", "Kidney-Friendly", "Vegetarian", "Pescatarian", "Gluten-Free", "Wheat-Free", "Egg-Free", "Peanut-Free", "Tree-Nut-Free", "Soy-Free", "Fish-Free", "Shellfish-Free", "Pork-Free", "Red-Meat-Free", "Crustacean-Free", "Celery-Free", "Mustard-Free", "Sesame-Free", "Lupine-Free", "Mollusk-Free", "Kosher"], "calories": 2039, "totalTime": 0.0, "cuisineType": "american", "imageName": "176.jpg", "ingredients": [{"food": "butter", "quantity": 0.0, "measure": null, "foodId": "food_awz3iefajbk1fwahq9logahmgltj"}, {"food": "ganache", "quantity": 1.5, "measure": "cup", "foodId": "food_bycmu13bxf4uy7biovyd5azbscp3"}, {"food": "milk chocolate", "quantity": 1.0, "measure": "<unit>", "foodId": "food_bln15nrase9ec3by5dp50affuwzj"}]}, "Raspberry-Cream Layer Cake": {"url": "http://www.marthastewart.com/897992/raspberry-cream-layer-cake", "healthLabels": ["Sugar-Conscious", "Low Potassium", "Kidney-Friendly", "Vegetarian", "Pescatarian", "Peanut-Free", "Tree-Nut-Free", "Soy-Free", "Fish-Free", "Shellfish-Free", "Pork-Free", "Red-Meat-Free", "Crustacean-Free", "Celery-Free", "Mustard-Free", "Sesame-Free", "Lupine-Free", "Mollusk-Free", "Alcohol-Free", "Kosher"], "calories": 4965, "totalTime": 60.0, "cuisineType": "british", "imageName": "177.jpg", "ingredients": [{"food": "unsalted butter", "quantity": 0.0, "measure": null, "foodId": "food_awz3iefajbk1fwahq9logahmgltj"}, {"food": "yellow cake", "quantity": 1.0, "measure": "<unit>", "foodId": "food_ac36mmnbi1yndnarkffrha3b2q9o"}, {"food": "raspberries", "quantity": 2.0, "measure": "cup", "foodId": "food_al3e7s2a1lm4i6bga7o0abp399zg"}, {"food": "confectioners'' sugar", "quantity": 3.0, "measure": "tablespoon", "foodId": "food_b7rbtshahirxisbtyc77sbv8jdue"}, {"food": "heavy cream", "quantity": 2.0, "measure": "cup", "foodId": "food_bgtkr21b5v16mca246x9ebnaswyo"}]}, "Sprinkle Cake Bites": {"url": "http://www.biggirlssmallkitchen.com/2010/11/baking-for-others-cake-bites-invitation.html", "healthLabels": ["Low Potassium", "Kidney-Friendly", "Vegetarian", "Pescatarian", "Peanut-Free", "Tree-Nut-Free", "Soy-Free", "Fish-Free", "Shellfish-Free", "Pork-Free", "Red-Meat-Free", "Crustacean-Free", "Celery-Free", "Mustard-Free", "Sesame-Free", "Lupine-Free", "Mollusk-Free", "Alcohol-Free", "Kosher"], "calories": 8508, "totalTime": 0.0, "cuisineType": "american", "imageName": "178.jpg", "ingredients": [{"food": "yellow cake", "quantity": 2.0, "measure": "<unit>", "foodId": "food_ac36mmnbi1yndnarkffrha3b2q9o"}, {"food": "cream cheese", "quantity": 8.0, "measure": "ounce", "foodId": "food_a7rvc49a09a7yjbq3ekjbbauyoqa"}, {"food": "sprinkles", "quantity": 0.5, "measure": "cup", "foodId": "food_axi2ijobrk819yb0adceobnhm1c2"}, {"food": "egg whites", "quantity": 2.0, "measure": "<unit>", "foodId": "food_a7hurbpb20zs42bnwg2p8bca3ihs"}, {"food": "confectioners\u2019 sugar", "quantity": 3.0, "measure": "cup", "foodId": "food_b7rbtshahirxisbtyc77sbv8jdue"}, {"food": "vanilla extract", "quantity": 1.0, "measure": "teaspoon", "foodId": "food_bh1wvnqaw3q7ciascfoygaabax2a"}]}, "Cake pops": {"url": "http://www.bbc.co.uk/food/recipes/cake_lollipops_06507", "healthLabels": ["Kidney-Friendly", "Vegetarian", "Pescatarian", "Peanut-Free", "Soy-Free", "Fish-Free", "Shellfish-Free", "Pork-Free", "Red-Meat-Free", "Crustacean-Free", "Celery-Free", "Mustard-Free", "Sesame-Free", "Lupine-Free", "Mollusk-Free", "Kosher"], "calories": 2976, "totalTime": 88.0, "cuisineType": "american", "imageName": "179.jpg", "ingredients": [{"food": "dark chocolate", "quantity": 100.0, "measure": "gram", "foodId": "food_afwurvlasugs4ibig02xbblph5bn"}, {"food": "fruit cake", "quantity": 125.0, "measure": "gram", "foodId": "food_bc7p1pab4glddib7fo7drbj0pxwm"}, {"food": "madeira", "quantity": 125.0, "measure": "gram", "foodId": "food_a9b1edjayi2e3kae6qvpvb0l2zaf"}, {"food": "coconut", "quantity": 2.0, "measure": "tablespoon", "foodId": "food_a0671ieawy879qbaiagcrapnmo84"}, {"food": "hazelnuts", "quantity": 2.0, "measure": "tablespoon", "foodId": "food_ahshk5kaw2j86lbtd1akiaxbiwc2"}, {"food": "white chocolate", "quantity": 300.0, "measure": "gram", "foodId": "food_acxr38zaft2kgoarv9tr1bgyijbh"}, {"food": "food colouring", "quantity": 1.0, "measure": "drop", "foodId": "food_avcjo2fattdi8eafpf0ujatvwb7i"}, {"food": "sugar", "quantity": 0.0, "measure": null, "foodId": "food_axi2ijobrk819yb0adceobnhm1c2"}]}, "Lemon or Orange Cake (Cake Citron ou Cake Orange)": {"url": "https://www.epicurious.com/recipes/food/views/lemon-or-orange-cake-em-cake-citron-ou-cake-orange-em-355943", "healthLabels": ["Low Potassium", "Kidney-Friendly", "Vegetarian", "Pescatarian", "Peanut-Free", "Tree-Nut-Free", "Soy-Free", "Fish-Free", "Shellfish-Free", "Pork-Free", "Red-Meat-Free", "Crustacean-Free", "Celery-Free", "Mustard-Free", "Sesame-Free", "Lupine-Free", "Mollusk-Free", "Kosher"], "calories": 3410, "totalTime": 0.0, "cuisineType": "middle eastern", "imageName": "180.jpg", "ingredients": [{"food": "cake flour", "quantity": 250.0, "measure": "gram", "foodId": "food_ani7vifaibaoiyb7mwh2obf054t3"}, {"food": "baking powder", "quantity": 0.75, "measure": "teaspoon", "foodId": "food_bad4zycbt4w60dbut111vaub2g3e"}, {"food": "salt", "quantity": 0.25, "measure": "teaspoon", "foodId": "food_btxz81db72hwbra2pncvebzzzum9"}, {"food": "sugar", "quantity": 335.0, "measure": "gram", "foodId": "food_axi2ijobrk819yb0adceobnhm1c2"}, {"food": "oranges", "quantity": 3.0, "measure": "<unit>", "foodId": "food_b0bnl8oayiqhs2at63ifxbm6i3o3"}, {"food": "eggs", "quantity": 5.0, "measure": "<unit>", "foodId": "food_bhpradua77pk16aipcvzeayg732r"}, {"food": "heavy cream", "quantity": 165.0, "measure": "gram", "foodId": "food_bgtkr21b5v16mca246x9ebnaswyo"}, {"food": "grand marnier", "quantity": 30.0, "measure": "gram", "foodId": "food_ajguqpia53yz3oah6w2frad3tz65"}, {"food": "unsalted butter", "quantity": 3.75, "measure": "gram", "foodId": "food_awz3iefajbk1fwahq9logahmgltj"}]}, "Ice Cream from Cake Batter": {"url": "http://honestcooking.com/cake-batter-ice-cream-recipe/", "healthLabels": ["Kidney-Friendly", "Vegetarian", "Pescatarian", "Peanut-Free", "Tree-Nut-Free", "Soy-Free", "Fish-Free", "Shellfish-Free", "Pork-Free", "Red-Meat-Free", "Crustacean-Free", "Celery-Free", "Mustard-Free", "Sesame-Free", "Lupine-Free", "Mollusk-Free", "Alcohol-Free", "Kosher"], "calories": 3284, "totalTime": 190.0, "cuisineType": "american", "imageName": "181.jpg", "ingredients": [{"food": "eggs", "quantity": 3.0, "measure": "<unit>", "foodId": "food_bhpradua77pk16aipcvzeayg732r"}, {"food": "1% milk", "quantity": 2.0, "measure": "cup", "foodId": "food_anmsfo1a7sxp0paea6rcsav5m5t0"}, {"food": "sugar", "quantity": 1.0, "measure": "cup", "foodId": "food_axi2ijobrk819yb0adceobnhm1c2"}, {"food": "heavy cream", "quantity": 2.0, "measure": "cup", "foodId": "food_bgtkr21b5v16mca246x9ebnaswyo"}, {"food": "vanilla extract", "quantity": 2.0, "measure": "teaspoon", "foodId": "food_bh1wvnqaw3q7ciascfoygaabax2a"}, {"food": "cake mix", "quantity": 0.75, "measure": "cup", "foodId": "food_aaiwfpham66l9xb62oplbbopu0gg"}]}, "Orange Pound Cake": {"url": "http://www.saveur.com/article/Recipes/Orange-Pound-Cake", "healthLabels": ["Low Potassium", "Kidney-Friendly", "Vegetarian", "Pescatarian", "Peanut-Free", "Tree-Nut-Free", "Soy-Free", "Fish-Free", "Shellfish-Free", "Pork-Free", "Red-Meat-Free", "Crustacean-Free", "Celery-Free", "Mustard-Free", "Sesame-Free", "Lupine-Free", "Mollusk-Free", "Alcohol-Free", "Kosher"], "calories": 3378, "totalTime": 0.0, "cuisineType": "british", "imageName": "182.jpg", "ingredients": [{"food": "unsalted butter", "quantity": 15.0, "measure": "tablespoon", "foodId": "food_awz3iefajbk1fwahq9logahmgltj"}, {"food": "milk", "quantity": 3.0, "measure": "tablespoon", "foodId": "food_b49rs1kaw0jktabzkg2vvanvvsis"}, {"food": "eggs", "quantity": 3.0, "measure": "<unit>", "foodId": "food_bhpradua77pk16aipcvzeayg732r"}, {"food": "vanilla extract", "quantity": 1.0, "measure": "teaspoon", "foodId": "food_bh1wvnqaw3q7ciascfoygaabax2a"}, {"food": "cake flour", "quantity": 1.5, "measure": "cup", "foodId": "food_ani7vifaibaoiyb7mwh2obf054t3"}, {"food": "sugar", "quantity": 0.75, "measure": "cup", "foodId": "food_axi2ijobrk819yb0adceobnhm1c2"}, {"food": "baking powder", "quantity": 0.75, "measure": "teaspoon", "foodId": "food_bad4zycbt4w60dbut111vaub2g3e"}, {"food": "orange zest", "quantity": 1.0, "measure": "tablespoon", "foodId": "food_b4g0yyrb23ih2rajszgs8bjpe2nn"}, {"food": "freshly squeezed orange juice", "quantity": 0.3333333333333333, "measure": "cup", "foodId": "food_bn7zicravp7kdrb8h9knhadt6kei"}]}, "Pistachio Cake": {"url": "http://thepioneerwoman.com/cooking/2011/01/pistachio-cake/", "healthLabels": ["Low Potassium", "Kidney-Friendly", "Vegetarian", "Pescatarian", "Peanut-Free", "Soy-Free", "Fish-Free", "Shellfish-Free", "Pork-Free", "Red-Meat-Free", "Crustacean-Free", "Celery-Free", "Mustard-Free", "Sesame-Free", "Lupine-Free", "Mollusk-Free", "Alcohol-Free", "Kosher"], "calories": 4525, "totalTime": 0.0, "cuisineType": "mediterranean", "imageName": "183.jpg", "ingredients": [{"food": "white cake mix", "quantity": 1.0, "measure": "box", "foodId": "food_an28knnbkc03qlbkt6xqtax2m5y5"}, {"food": "pudding mix", "quantity": 1.0, "measure": "package", "foodId": "food_abpsidkb3uccdka4zxtwha3izjnu"}, {"food": "orange juice", "quantity": 0.5, "measure": "cup", "foodId": "food_bn7zicravp7kdrb8h9knhadt6kei"}, {"food": "water", "quantity": 0.5, "measure": "cup", "foodId": "food_a99vzubbk1ayrsad318rvbzr3dh0"}, {"food": "vegetable oil", "quantity": 0.5, "measure": "cup", "foodId": "food_bt1mzi2ah2sfg8bv7no1qai83w8s"}, {"food": "eggs", "quantity": 4.0, "measure": "<unit>", "foodId": "food_bhpradua77pk16aipcvzeayg732r"}, {"food": "chocolate syrup", "quantity": 0.75, "measure": "cup", "foodId": "food_by6kxoxbgteeuxagc53t3a8dicqj"}]}}}