{"chicken": {"Chicken Vesuvio": {"url": "http://www.seriouseats.com/recipes/2011/12/chicken-vesuvio-recipe.html", "healthLabels": ["Mediterranean", "Dairy-Free", "Gluten-Free", "Wheat-Free", "Egg-Free", "Peanut-Free", "Tree-Nut-Free", "Soy-Free", "Fish-Free", "Shellfish-Free", "Pork-Free", "Red-Meat-Free", "Crustacean-Free", "Celery-Free", "Mustard-Free", "Sesame-Free", "Lupine-Free", "Mollusk-Free", "Kosher"], "calories": 4228, "totalTime": 60.0, "cuisineType": "italian", "imageName": "1.jpg", "ingredients": [{"food": "olive oil", "quantity": 0.5, "measure": "cup", "foodId": "food_b1d1icuad3iktrbqby0hiagafaz7"}, {"food": "garlic", "quantity": 5.0, "measure": "clove", "foodId": "food_avtcmx6bgjv1jvay6s6stan8dnyp"}, {"food": "russet potatoes", "quantity": 2.0, "measure": "<unit>", "foodId": "food_brsjy86bq09pzgbmr4ri8bnohrf7"}, {"food": "chicken", "quantity": 3.5, "measure": "pound", "foodId": "food_bmyxrshbfao9s1amjrvhoauob6mo"}, {"food": "white wine", "quantity": 0.75, "measure": "cup", "foodId": "food_bn44h7baron9ufaoxinmya8l0yye"}, {"food": "chicken stock", "quantity": 0.75, "measure": "cup", "foodId": "food_bptblvzambd16nbhewqmhaw1rnh5"}, {"food": "parsley", "quantity": 3.0, "measure": "tablespoon", "foodId": "food_b244pqdazw24zobr5vqu2bf0uid8"}, {"food": "dried oregano", "quantity": 1.0, "measure": "tablespoon", "foodId": "food_bkkw6v3bdf0sqiazmzyuiax7i8jr"}, {"food": "salt", "quantity": 0.0, "measure": null, "foodId": "food_btxz81db72hwbra2pncvebzzzum9"}, {"food": "pepper", "quantity": 0.0, "measure": null, "foodId": "food_b6ywzluaaxv02wad7s1r9ag4py89"}, {"food": "frozen peas", "quantity": 1.0, "measure": "cup", "foodId": "food_aqrct01b4nxw5eaxoo8woaxc3xd7"}]}, "Chicken Paprikash": {"url": "http://norecipes.com/recipe/chicken-paprikash/", "healthLabels": ["Egg-Free", "Peanut-Free", "Tree-Nut-Free", "Soy-Free", "Fish-Free", "Shellfish-Free", "Pork-Free", "Red-Meat-Free", "Crustacean-Free", "Celery-Free", "Mustard-Free", "Sesame-Free", "Lupine-Free", "Mollusk-Free", "Alcohol-Free", "Sulfite-Free"], "calories": 3033, "totalTime": 0.0, "cuisineType": "central europe", "imageName": "2.jpg", "ingredients": [{"food": "chicken - drumsticks", "quantity": 640.0, "measure": "gram", "foodId": "food_agzvc6lbxg03stab195szars32lx"}, {"food": "thighs", "quantity": 640.0, "measure": "gram", "foodId": "food_bsarl08be0gwarb34bpviafna9d4"}, {"food": "salt", "quantity": 0.5, "measure": "teaspoon", "foodId": "food_btxz81db72hwbra2pncvebzzzum9"}, {"food": "black pepper", "quantity": 0.25, "measure": "teaspoon", "foodId": "food_b6ywzluaaxv02wad7s1r9ag4py89"}, {"food": "olive oil", "quantity": 1.0, "measure": "tablespoon", "foodId": "food_b1d1icuad3iktrbqby0hiagafaz7"}, {"food": "onion", "quantity": 1.0, "measure": "onion", "foodId": "food_bmrvi4ob4binw9a5m7l07amlfcoy"}, {"food": "anaheim pepper", "quantity": 1.0, "measure": "pepper", "foodId": "food_bv2gevdbd1orbiarnp1vfaez1r85"}, {"food": "paprika", "quantity": 0.25, "measure": "cup", "foodId": "food_a9dpcnjb883g67b3lq82ca0421ql"}, {"food": "chicken stock", "quantity": 1.0, "measure": "cup", "foodId": "food_bptblvzambd16nbhewqmhaw1rnh5"}, {"food": "sour cream", "quantity": 0.5, "measure": "cup", "foodId": "food_adp9fcubzl3lr7bcvzn3rbfiiiwq"}, {"food": "flour", "quantity": 1.0, "measure": "tablespoon", "foodId": "food_ahebfs0a985an4aubqaebbipra58"}]}, "Baked Chicken": {"url": "http://www.marthastewart.com/318981/baked-chicken", "healthLabels": ["Sugar-Conscious", "Keto-Friendly", "Paleo", "Mediterranean", "Dairy-Free", "Gluten-Free", "Wheat-Free", "Egg-Free", "Peanut-Free", "Tree-Nut-Free", "Soy-Free", "Fish-Free", "Shellfish-Free", "Pork-Free", "Red-Meat-Free", "Crustacean-Free", "Celery-Free", "Mustard-Free", "Sesame-Free", "Lupine-Free", "Mollusk-Free", "Alcohol-Free", "No oil added", "Sulfite-Free", "FODMAP-Free", "Kosher"], "calories": 901, "totalTime": 0.0, "cuisineType": "american", "imageName": "3.jpg", "ingredients": [{"food": "chicken breast", "quantity": 6.0, "measure": "half", "foodId": "food_a9hdg97b1sqqs5aj1al75bbo5iyt"}, {"food": "coarse salt", "quantity": 0.5, "measure": "teaspoon", "foodId": "food_a1vgrj1bs8rd1majvmd9ubz8ttkg"}, {"food": "seasoning", "quantity": 0.5, "measure": "teaspoon", "foodId": "food_aj7w3xab0epj7cbgkbkpwadysovd"}, {"food": "black pepper", "quantity": 0.25, "measure": "teaspoon", "foodId": "food_b6ywzluaaxv02wad7s1r9ag4py89"}]}, "Catalan Chicken": {"url": "http://www.bonappetit.com/columns/breadwinner/article/how-to-get-your-kids-to-eat-sauce-let-them-cook-it-themselves", "healthLabels": ["Sugar-Conscious", "Keto-Friendly", "Paleo", "Dairy-Free", "Gluten-Free", "Wheat-Free", "Egg-Free", "Peanut-Free", "Tree-Nut-Free", "Soy-Free", "Fish-Free", "Shellfish-Free", "Crustacean-Free", "Celery-Free", "Mustard-Free", "Sesame-Free", "Lupine-Free", "Mollusk-Free", "No oil added", "Sulfite-Free"], "calories": 3900, "totalTime": 0.0, "cuisineType": "french", "imageName": "4.jpg", "ingredients": [{"food": "chicken", "quantity": 1.0, "measure": "<unit>", "foodId": "food_bmyxrshbfao9s1amjrvhoauob6mo"}, {"food": "bacon", "quantity": 8.0, "measure": "slice", "foodId": "food_av0awb0bgs18qub01sd9kbx44b61"}, {"food": "garlic", "quantity": 30.0, "measure": "clove", "foodId": "food_avtcmx6bgjv1jvay6s6stan8dnyp"}, {"food": "lemons", "quantity": 3.0, "measure": "<unit>", "foodId": "food_a6uzc62astrxcgbtzyq59b6fncrr"}, {"food": "dessert wine", "quantity": 0.5, "measure": "cup", "foodId": "food_a9b1edjayi2e3kae6qvpvb0l2zaf"}, {"food": "chicken stock", "quantity": 1.0, "measure": "cup", "foodId": "food_bptblvzambd16nbhewqmhaw1rnh5"}]}, "Chicken Stew": {"url": "https://food52.com/recipes/83097-chicken-stew", "healthLabels": ["Paleo", "Mediterranean", "Dairy-Free", "Gluten-Free", "Wheat-Free", "Egg-Free", "Peanut-Free", "Tree-Nut-Free", "Soy-Free", "Fish-Free", "Shellfish-Free", "Pork-Free", "Red-Meat-Free", "Crustacean-Free", "Celery-Free", "Mustard-Free", "Sesame-Free", "Lupine-Free", "Mollusk-Free", "Kosher"], "calories": 1647, "totalTime": 70.0, "cuisineType": "french", "imageName": "5.jpg", "ingredients": [{"food": "chicken", "quantity": 1.0, "measure": "pound", "foodId": "food_bmyxrshbfao9s1amjrvhoauob6mo"}, {"food": "carrots", "quantity": 4.0, "measure": "<unit>", "foodId": "food_ai215e5b85pdh5ajd4aafa3w2zm8"}, {"food": "onion", "quantity": 1.0, "measure": "<unit>", "foodId": "food_bmrvi4ob4binw9a5m7l07amlfcoy"}, {"food": "leek", "quantity": 1.0, "measure": "<unit>", "foodId": "food_a27jevnb06c1m9ax7k41xbbcwcuo"}, {"food": "green pepper", "quantity": 1.0, "measure": "<unit>", "foodId": "food_bz8rcwobbzm7zhb3wh2n7aznivou"}, {"food": "kosher salt", "quantity": 0.0, "measure": null, "foodId": "food_a1vgrj1bs8rd1majvmd9ubz8ttkg"}, {"food": "black pepper", "quantity": 0.0, "measure": null, "foodId": "food_b6ywzluaaxv02wad7s1r9ag4py89"}, {"food": "extra virgin olive oil", "quantity": 0.0, "measure": null, "foodId": "food_b1d1icuad3iktrbqby0hiagafaz7"}, {"food": "white wine", "quantity": 1.0, "measure": "cup", "foodId": "food_bn44h7baron9ufaoxinmya8l0yye"}, {"food": "chicken broth", "quantity": 0.0, "measure": null, "foodId": "food_bptblvzambd16nbhewqmhaw1rnh5"}]}, "Chicken Liver P\u00e2t\u00e9": {"url": "http://www.saveur.com/article/Recipes/Classic-Chicken-Pate", "healthLabels": ["Sugar-Conscious", "Peanut-Free", "Tree-Nut-Free", "Soy-Free", "Fish-Free", "Shellfish-Free", "Crustacean-Free", "Celery-Free", "Mustard-Free", "Sesame-Free", "Lupine-Free", "Mollusk-Free", "Sulfite-Free"], "calories": 1149, "totalTime": 0.0, "cuisineType": "french", "imageName": "6.jpg", "ingredients": [{"food": "chicken livers", "quantity": 8.0, "measure": "ounce", "foodId": "food_a9xs7abb632dn3aozv3w4a9351fh"}, {"food": "chicken stock", "quantity": 4.0, "measure": "cup", "foodId": "food_bptblvzambd16nbhewqmhaw1rnh5"}, {"food": "rendered chicken fat", "quantity": 2.0, "measure": "tablespoon", "foodId": "food_a146ueba4s2j2ya6rknjeaum2mko"}, {"food": "yellow onion", "quantity": 0.5, "measure": "<unit>", "foodId": "food_bmrvi4ob4binw9a5m7l07amlfcoy"}, {"food": "cognac", "quantity": 1.5, "measure": "tablespoon", "foodId": "food_ajguqpia53yz3oah6w2frad3tz65"}, {"food": "hard-boiled eggs", "quantity": 2.0, "measure": "<unit>", "foodId": "food_a2y52zfbr22uq1ah5thnqac607ft"}, {"food": "kosher salt", "quantity": 0.0, "measure": null, "foodId": "food_a1vgrj1bs8rd1majvmd9ubz8ttkg"}, {"food": "black pepper", "quantity": 0.0, "measure": null, "foodId": "food_b6ywzluaaxv02wad7s1r9ag4py89"}, {"food": "toast", "quantity": 1.0, "measure": "serving", "foodId": "food_apk1psxaqtsilfbfxoa5hbxfgdg4"}]}, "Persian Chicken": {"url": "http://www.bbcgoodfood.com/recipes/7343/", "healthLabels": ["Gluten-Free", "Wheat-Free", "Peanut-Free", "Tree-Nut-Free", "Soy-Free", "Fish-Free", "Shellfish-Free", "Pork-Free", "Red-Meat-Free", "Crustacean-Free", "Celery-Free", "Sesame-Free", "Lupine-Free", "Mollusk-Free"], "calories": 4115, "totalTime": 0.0, "cuisineType": "middle eastern", "imageName": "7.jpg", "ingredients": [{"food": "onions", "quantity": 2.0, "measure": "<unit>", "foodId": "food_bmrvi4ob4binw9a5m7l07amlfcoy"}, {"food": "chicken", "quantity": 750.0, "measure": "gram", "foodId": "food_bmyxrshbfao9s1amjrvhoauob6mo"}, {"food": "mushrooms", "quantity": 500.0, "measure": "gram", "foodId": "food_bvlose6arfl26ra396sjrb7hetqh"}, {"food": "water", "quantity": 1.0, "measure": "cup", "foodId": "food_a99vzubbk1ayrsad318rvbzr3dh0"}, {"food": "red wine", "quantity": 1.0, "measure": "cup", "foodId": "food_b5q0xv2ba8la5hbzdfzdgaca3fwu"}, {"food": "chicken stock", "quantity": 2.0, "measure": "teaspoon", "foodId": "food_bptblvzambd16nbhewqmhaw1rnh5"}, {"food": "mayonnaise", "quantity": 200.0, "measure": "milliliter", "foodId": "food_bu8t61zaplle7dbrzk81dbygq0qj"}, {"food": "cream", "quantity": 200.0, "measure": "milliliter", "foodId": "food_bvhbvd7bwy6a7wamfrmvmbmen1sz"}, {"food": "parsley", "quantity": 1.0, "measure": "bunch", "foodId": "food_b244pqdazw24zobr5vqu2bf0uid8"}, {"food": "curry powder", "quantity": 1.0, "measure": "teaspoon", "foodId": "food_ao4koeoajh7yjxaq2knzrbv55y8o"}]}, "Kreplach (Chicken Dumplings)": {"url": "https://www.tastingtable.com/entry_detail/chefs_recipes/10154/Matzo_balls_watch_your_back.htm", "healthLabels": ["Mediterranean", "Dairy-Free", "Peanut-Free", "Tree-Nut-Free", "Soy-Free", "Fish-Free", "Shellfish-Free", "Pork-Free", "Red-Meat-Free", "Crustacean-Free", "Celery-Free", "Mustard-Free", "Sesame-Free", "Lupine-Free", "Mollusk-Free", "Alcohol-Free", "Sulfite-Free", "Kosher"], "calories": 4387, "totalTime": 10.0, "cuisineType": "chinese", "imageName": "8.jpg", "ingredients": [{"food": "canola oil", "quantity": 1.5, "measure": "teaspoon", "foodId": "food_bk9p9aaavhvoq4bqsnprobpsiuxs"}, {"food": "shallot", "quantity": 0.5, "measure": "<unit>", "foodId": "food_bu2ver7a5f52dfap8q9f0bn085qb"}, {"food": "chicken meat", "quantity": 0.5, "measure": "pound", "foodId": "food_bm8j53kbu73enhamxkr92a7x5nq6"}, {"food": "chicken thighs", "quantity": 0.25, "measure": "pound", "foodId": "food_bsarl08be0gwarb34bpviafna9d4"}, {"food": "chicken livers", "quantity": 2.0, "measure": "<unit>", "foodId": "food_a9xs7abb632dn3aozv3w4a9351fh"}, {"food": "garlic", "quantity": 2.0, "measure": "clove", "foodId": "food_avtcmx6bgjv1jvay6s6stan8dnyp"}, {"food": "chives", "quantity": 0.25, "measure": "cup", "foodId": "food_btg1uzjak79lawbirsitkaeai60l"}, {"food": "kosher salt", "quantity": 1.25, "measure": "teaspoon", "foodId": "food_a1vgrj1bs8rd1majvmd9ubz8ttkg"}, {"food": "black pepper", "quantity": 0.75, "measure": "teaspoon", "foodId": "food_b6ywzluaaxv02wad7s1r9ag4py89"}, {"food": "square wonton wrappers", "quantity": 32.0, "measure": "<unit>", "foodId": "food_aciwn4ebx5qeeobklsjebb6s408x"}, {"food": "chicken broth", "quantity": 8.0, "measure": "cup", "foodId": "food_bptblvzambd16nbhewqmhaw1rnh5"}]}, "Chicken cacciatore": {"url": "http://www.bbc.co.uk/food/recipes/chickenalocacciatore_70349", "healthLabels": ["Gluten-Free", "Wheat-Free", "Egg-Free", "Peanut-Free", "Tree-Nut-Free", "Soy-Free", "Fish-Free", "Shellfish-Free", "Pork-Free", "Red-Meat-Free", "Crustacean-Free", "Mustard-Free", "Sesame-Free", "Lupine-Free", "Mollusk-Free"], "calories": 4447, "totalTime": 60.0, "cuisineType": "italian", "imageName": "9.jpg", "ingredients": [{"food": "olive oil", "quantity": 8.0, "measure": "tablespoon", "foodId": "food_b1d1icuad3iktrbqby0hiagafaz7"}, {"food": "onion", "quantity": 1.0, "measure": "<unit>", "foodId": "food_bmrvi4ob4binw9a5m7l07amlfcoy"}, {"food": "celery", "quantity": 2.0, "measure": "stalk", "foodId": "food_bffeoksbyyur8ja4da73ub2xs57g"}, {"food": "carrots", "quantity": 2.0, "measure": "<unit>", "foodId": "food_ai215e5b85pdh5ajd4aafa3w2zm8"}, {"food": "chicken breasts", "quantity": 6.0, "measure": "<unit>", "foodId": "food_a9hdg97b1sqqs5aj1al75bbo5iyt"}, {"food": "white wine", "quantity": 175.0, "measure": "milliliter", "foodId": "food_bn44h7baron9ufaoxinmya8l0yye"}, {"food": "tomato pur\u00e9e", "quantity": 3.0, "measure": "tablespoon", "foodId": "food_aqqtb83adjyq8ybf51yo8bsjetdh"}, {"food": "chicken stock", "quantity": 500.0, "measure": "milliliter", "foodId": "food_bptblvzambd16nbhewqmhaw1rnh5"}, {"food": "bay leaves", "quantity": 2.0, "measure": "<unit>", "foodId": "food_asx39x4ayja4jab6ivj6zayvkblo"}, {"food": "sage", "quantity": 2.5, "measure": "leaf", "foodId": "food_b00mwy0bne9gs4au15ja8ab10h0e"}, {"food": "rosemary sprig", "quantity": 1.0, "measure": "<unit>", "foodId": "food_b6tm2t2blxi7okaeiv91wb8bmygq"}, {"food": "polenta", "quantity": 250.0, "measure": "gram", "foodId": "food_b05sp8gagykqhgb4uo2jhbsbfftc"}, {"food": "butter", "quantity": 1.0, "measure": "knob", "foodId": "food_awz3iefajbk1fwahq9logahmgltj"}, {"food": "parmesan", "quantity": 25.0, "measure": "gram", "foodId": "food_a104ppxa06d3emb272fkcab3cugd"}]}, "Roast Chicken": {"url": "http://www.sfgate.com/food/recipes/detail.html?rid=18229&sorig=qs", "healthLabels": ["Sugar-Conscious", "Kidney-Friendly", "Keto-Friendly", "Paleo", "Mediterranean", "Dairy-Free", "Gluten-Free", "Wheat-Free", "Egg-Free", "Peanut-Free", "Tree-Nut-Free", "Soy-Free", "Fish-Free", "Shellfish-Free", "Pork-Free", "Red-Meat-Free", "Crustacean-Free", "Celery-Free", "Mustard-Free", "Sesame-Free", "Lupine-Free", "Mollusk-Free", "Alcohol-Free", "Sulfite-Free", "Kosher", "Immuno-Supportive"], "calories": 2638, "totalTime": 0.0, "cuisineType": "american", "imageName": "10.jpg", "ingredients": [{"food": "chicken", "quantity": 3.5, "measure": "pound", "foodId": "food_bmyxrshbfao9s1amjrvhoauob6mo"}, {"food": "salt", "quantity": 0.0, "measure": null, "foodId": "food_btxz81db72hwbra2pncvebzzzum9"}, {"food": "thyme", "quantity": 3.5, "measure": "sprig", "foodId": "food_b3o3cj7a5gskecb0ufphtadnbfqb"}, {"food": "olive oil", "quantity": 0.0, "measure": null, "foodId": "food_b1d1icuad3iktrbqby0hiagafaz7"}, {"food": "chicken stock", "quantity": 0.0, "measure": null, "foodId": "food_bptblvzambd16nbhewqmhaw1rnh5"}]}}}