{"coffee": {"Coffee Cabinets (Rhode Island-Style Coffee Milkshakes) Recipe": {"url": "http://www.seriouseats.com/recipes/2012/06/coffee-cabinets-ice-cream-milkshake-recipe.html", "healthLabels": ["Vegetarian", "Pescatarian", "Gluten-Free", "Wheat-Free", "Egg-Free", "Peanut-Free", "Tree-Nut-Free", "Soy-Free", "Fish-Free", "Shellfish-Free", "Pork-Free", "Red-Meat-Free", "Crustacean-Free", "Celery-Free", "Mustard-Free", "Sesame-Free", "Lupine-Free", "Mollusk-Free", "Alcohol-Free", "Kosher"], "calories": 1467, "totalTime": 60.0, "cuisineType": "american", "imageName": "31.jpg", "ingredients": [{"food": "coffee", "quantity": 1.0, "measure": "cup", "foodId": "food_ax0a0yxbbe4hx0apiz1tla01s2w7"}, {"food": "sugar", "quantity": 1.0, "measure": "cup", "foodId": "food_axi2ijobrk819yb0adceobnhm1c2"}, {"food": "vanilla extract", "quantity": 0.25, "measure": "teaspoon", "foodId": "food_bh1wvnqaw3q7ciascfoygaabax2a"}, {"food": "ice cream", "quantity": 1.0, "measure": "pint", "foodId": "food_bsg87una16tr8waipd66na9drm1k"}, {"food": "whole milk", "quantity": 0.25, "measure": "cup", "foodId": "food_b49rs1kaw0jktabzkg2vvanvvsis"}, {"food": "syrup", "quantity": 2.0, "measure": "tablespoon", "foodId": "food_bo37p69bopqshvaul0bn4bv0kqni"}]}, "Turkish Coffee": {"url": "https://food52.com/recipes/40287-turkish-coffee", "healthLabels": ["Low Potassium", "Kidney-Friendly", "Keto-Friendly", "Vegan", "Vegetarian", "Pescatarian", "Dairy-Free", "Gluten-Free", "Wheat-Free", "Egg-Free", "Peanut-Free", "Tree-Nut-Free", "Soy-Free", "Fish-Free", "Shellfish-Free", "Pork-Free", "Red-Meat-Free", "Crustacean-Free", "Celery-Free", "Mustard-Free", "Sesame-Free", "Lupine-Free", "Mollusk-Free", "Alcohol-Free", "No oil added", "FODMAP-Free", "Kosher"], "calories": 35, "totalTime": 0.0, "cuisineType": "middle eastern", "imageName": "32.jpg", "ingredients": [{"food": "filtered water", "quantity": 3.0, "measure": "cup", "foodId": "food_a8ya093b8xvmglaux4scabvvpj5n"}, {"food": "coffee", "quantity": 2.5, "measure": "tablespoon", "foodId": "food_ax0a0yxbbe4hx0apiz1tla01s2w7"}, {"food": "sugar", "quantity": 0.0, "measure": null, "foodId": "food_axi2ijobrk819yb0adceobnhm1c2"}]}, "Turkish Coffee recipes": {"url": "http://www.marthastewart.com/349722/turkish-coffee", "healthLabels": ["Low Potassium", "Kidney-Friendly", "Vegan", "Vegetarian", "Pescatarian", "Dairy-Free", "Gluten-Free", "Wheat-Free", "Egg-Free", "Peanut-Free", "Tree-Nut-Free", "Soy-Free", "Fish-Free", "Shellfish-Free", "Pork-Free", "Red-Meat-Free", "Crustacean-Free", "Celery-Free", "Mustard-Free", "Sesame-Free", "Lupine-Free", "Mollusk-Free", "Alcohol-Free", "No oil added", "FODMAP-Free", "Kosher"], "calories": 194, "totalTime": 25.0, "cuisineType": "middle eastern", "imageName": "33.jpg", "ingredients": [{"food": "water", "quantity": 4.0, "measure": "cup", "foodId": "food_a99vzubbk1ayrsad318rvbzr3dh0"}, {"food": "coffee", "quantity": 4.0, "measure": "scoop", "foodId": "food_ax0a0yxbbe4hx0apiz1tla01s2w7"}, {"food": "sugar", "quantity": 4.0, "measure": "tablespoon", "foodId": "food_axi2ijobrk819yb0adceobnhm1c2"}]}, "Vietnamese Ice Coffee": {"url": "https://www.epicurious.com/recipes/food/views/vietnamese-ice-coffee-395453", "healthLabels": ["Vegetarian", "Pescatarian", "Mediterranean", "Gluten-Free", "Wheat-Free", "Egg-Free", "Peanut-Free", "Tree-Nut-Free", "Soy-Free", "Fish-Free", "Shellfish-Free", "Pork-Free", "Red-Meat-Free", "Crustacean-Free", "Celery-Free", "Mustard-Free", "Sesame-Free", "Lupine-Free", "Mollusk-Free", "Alcohol-Free", "No oil added", "Sulfite-Free", "Kosher"], "calories": 146, "totalTime": 0.0, "cuisineType": "south east asian", "imageName": "34.jpg", "ingredients": [{"food": "ground coffee", "quantity": 2.0, "measure": "tablespoon", "foodId": "food_aof7z08ad0qgsta38run7arojif8"}, {"food": "sweetened condensed milk", "quantity": 2.0, "measure": "tablespoon", "foodId": "food_a89byenbz1jssabxmx7i6aa77jz1"}, {"food": "coffee", "quantity": 1.0, "measure": "cup", "foodId": "food_ax0a0yxbbe4hx0apiz1tla01s2w7"}]}, "Dalgona coffee": {"url": "https://www.bbcgoodfood.com/recipes/dalgona-coffee", "healthLabels": ["Kidney-Friendly", "Vegetarian", "Pescatarian", "Gluten-Free", "Wheat-Free", "Egg-Free", "Peanut-Free", "Tree-Nut-Free", "Soy-Free", "Fish-Free", "Shellfish-Free", "Pork-Free", "Red-Meat-Free", "Crustacean-Free", "Celery-Free", "Mustard-Free", "Sesame-Free", "Lupine-Free", "Mollusk-Free", "Alcohol-Free", "No oil added", "Kosher"], "calories": 411, "totalTime": 8.0, "cuisineType": "british", "imageName": "35.jpg", "ingredients": [{"food": "instant coffee", "quantity": 3.0, "measure": "tablespoon", "foodId": "food_aof7z08ad0qgsta38run7arojif8"}, {"food": "sugar", "quantity": 2.0, "measure": "tablespoon", "foodId": "food_axi2ijobrk819yb0adceobnhm1c2"}, {"food": "milk", "quantity": 450.0, "measure": "milliliter", "foodId": "food_b49rs1kaw0jktabzkg2vvanvvsis"}]}, "Thai Iced Coffee": {"url": "http://www.saveur.com/article/Recipes/Classic-Thai-Iced-Coffee", "healthLabels": ["Vegetarian", "Pescatarian", "Mediterranean", "Gluten-Free", "Wheat-Free", "Egg-Free", "Peanut-Free", "Tree-Nut-Free", "Soy-Free", "Fish-Free", "Shellfish-Free", "Pork-Free", "Red-Meat-Free", "Crustacean-Free", "Celery-Free", "Mustard-Free", "Sesame-Free", "Lupine-Free", "Mollusk-Free", "Alcohol-Free", "No oil added", "Sulfite-Free", "Kosher"], "calories": 1263, "totalTime": 0.0, "cuisineType": "south east asian", "imageName": "36.jpg", "ingredients": [{"food": "ground coffee", "quantity": 1.0, "measure": "cup", "foodId": "food_aof7z08ad0qgsta38run7arojif8"}, {"food": "sweetened condensed milk", "quantity": 1.0, "measure": "cup", "foodId": "food_a89byenbz1jssabxmx7i6aa77jz1"}, {"food": "milk", "quantity": 0.75, "measure": "cup", "foodId": "food_b49rs1kaw0jktabzkg2vvanvvsis"}]}, "Coffee Butter recipes": {"url": "https://www.tastingtable.com/cook/recipes/coffee-butter-recipe?utm_medium=email&utm_source=TT&utm_campaign=Weekend&utm_content=Editorial", "healthLabels": ["Vegetarian", "Pescatarian", "Gluten-Free", "Wheat-Free", "Egg-Free", "Peanut-Free", "Tree-Nut-Free", "Soy-Free", "Fish-Free", "Shellfish-Free", "Pork-Free", "Red-Meat-Free", "Crustacean-Free", "Celery-Free", "Mustard-Free", "Sesame-Free", "Lupine-Free", "Mollusk-Free", "Alcohol-Free", "No oil added", "Kosher"], "calories": 1831, "totalTime": 15.0, "cuisineType": "american", "imageName": "37.jpg", "ingredients": [{"food": "heavy cream", "quantity": 2.0, "measure": "cup", "foodId": "food_bgtkr21b5v16mca246x9ebnaswyo"}, {"food": "ground coffee", "quantity": 0.75, "measure": "cup", "foodId": "food_aof7z08ad0qgsta38run7arojif8"}, {"food": "confectioners'' sugar", "quantity": 2.0, "measure": "tablespoon", "foodId": "food_b7rbtshahirxisbtyc77sbv8jdue"}, {"food": "kosher salt", "quantity": 0.5, "measure": "teaspoon", "foodId": "food_a1vgrj1bs8rd1majvmd9ubz8ttkg"}, {"food": "salt", "quantity": 0.0, "measure": null, "foodId": "food_btxz81db72hwbra2pncvebzzzum9"}]}, "Coffee Liqueur": {"url": "http://www.deliciousdays.com/archives/2009/11/26/cooking-with-the-guys-part-two-homemade-coffee-liqueur/", "healthLabels": ["Vegan", "Vegetarian", "Pescatarian", "Dairy-Free", "Gluten-Free", "Wheat-Free", "Egg-Free", "Peanut-Free", "Tree-Nut-Free", "Soy-Free", "Fish-Free", "Shellfish-Free", "Pork-Free", "Red-Meat-Free", "Crustacean-Free", "Celery-Free", "Mustard-Free", "Sesame-Free", "Lupine-Free", "Mollusk-Free", "No oil added", "Kosher", "Alcohol-Cocktail"], "calories": 1879, "totalTime": 0.0, "cuisineType": "world", "imageName": "38.jpg", "ingredients": [{"food": "brown rock sugar", "quantity": 150.0, "measure": "gram", "foodId": "food_aodgtqwbmeu5f6bxeffn0art3bga"}, {"food": "cinnamon stick", "quantity": 1.0, "measure": "<unit>", "foodId": "food_atjxtznauw5zabaixm24xa787onz"}, {"food": "star anise", "quantity": 2.0, "measure": "<unit>", "foodId": "food_beyvheuancih87bwyqk6yb4av11q"}, {"food": "cloves", "quantity": 5.0, "measure": "<unit>", "foodId": "food_abb00nxbw761ggavcuto7b3mw1s0"}, {"food": "allspice berries", "quantity": 5.0, "measure": "<unit>", "foodId": "food_avzem7oamop4dsa5wb65obt5ldgi"}, {"food": "coffee beans", "quantity": 25.0, "measure": "<unit>", "foodId": "food_b36idu0apr5kqtbcs7b7ua8spx6m"}, {"food": "grappa", "quantity": 500.0, "measure": "milliliter", "foodId": "food_ajguqpia53yz3oah6w2frad3tz65"}]}, "Boozy Coffee Milkshakes": {"url": "http://www.eatingwell.com/recipe/263564/boozy-coffee-milkshakes/", "healthLabels": ["Kidney-Friendly", "Vegetarian", "Pescatarian", "Gluten-Free", "Wheat-Free", "Egg-Free", "Peanut-Free", "Tree-Nut-Free", "Soy-Free", "Fish-Free", "Shellfish-Free", "Pork-Free", "Red-Meat-Free", "Crustacean-Free", "Celery-Free", "Mustard-Free", "Sesame-Free", "Lupine-Free", "Mollusk-Free", "Kosher"], "calories": 402, "totalTime": 5.0, "cuisineType": "american", "imageName": "39.jpg", "ingredients": [{"food": "ice cream", "quantity": 1.0, "measure": "cup", "foodId": "food_bsg87una16tr8waipd66na9drm1k"}, {"food": "low-fat milk", "quantity": 0.25, "measure": "cup", "foodId": "food_anmsfo1a7sxp0paea6rcsav5m5t0"}, {"food": "kahlua", "quantity": 1.0, "measure": "ounce", "foodId": "food_byf2xfhbghlq5qadhyvztabfq665"}, {"food": "unsweetened cocoa powder", "quantity": 2.0, "measure": "teaspoon", "foodId": "food_afcmkjjaqwjkezbfz7htdb7mpkwz"}]}, "Mexican Coffee": {"url": "http://www.pbs.org/food/recipes/mexican-coffee/", "healthLabels": ["Kidney-Friendly", "Vegetarian", "Pescatarian", "Gluten-Free", "Wheat-Free", "Egg-Free", "Peanut-Free", "Tree-Nut-Free", "Soy-Free", "Fish-Free", "Shellfish-Free", "Pork-Free", "Red-Meat-Free", "Crustacean-Free", "Celery-Free", "Mustard-Free", "Sesame-Free", "Lupine-Free", "Mollusk-Free", "Kosher", "Alcohol-Cocktail"], "calories": 162, "totalTime": 22.0, "cuisineType": "world", "imageName": "40.jpg", "ingredients": [{"food": "tequila", "quantity": 0.5, "measure": "ounce", "foodId": "food_ajguqpia53yz3oah6w2frad3tz65"}, {"food": "kahlua", "quantity": 0.5, "measure": "ounce", "foodId": "food_byf2xfhbghlq5qadhyvztabfq665"}, {"food": "coffee", "quantity": 1.0, "measure": "cup", "foodId": "food_ax0a0yxbbe4hx0apiz1tla01s2w7"}, {"food": "vanilla ice cream", "quantity": 0.29166666666666663, "measure": "cup", "foodId": "food_bsg87una16tr8waipd66na9drm1k"}]}}}