{"noodles": {"Naomi Duguid''s Fried Noodles": {"url": "http://www.seriouseats.com/recipes/2012/10/naomi-duguids-fried-noodles.html", "healthLabels": ["Sugar-Conscious", "Low Potassium", "Kidney-Friendly", "Vegetarian", "Pescatarian", "Dairy-Free", "Tree-Nut-Free", "Soy-Free", "Fish-Free", "Shellfish-Free", "Pork-Free", "Red-Meat-Free", "Crustacean-Free", "Celery-Free", "Mustard-Free", "Sesame-Free", "Lupine-Free", "Mollusk-Free", "Alcohol-Free", "Sulfite-Free", "Kosher"], "calories": 196, "totalTime": 20.0, "cuisineType": "asian", "imageName": "41.jpg", "ingredients": [{"food": "egg noodles", "quantity": 1.0, "measure": "cup", "foodId": "food_aefg3gqa71nrtpbhjfo3yb36kd81"}, {"food": "peanut oil", "quantity": 0.0, "measure": null, "foodId": "food_ackj525b2vo905bisrwjabfanm5t"}]}, "Herbed Egg Noodles": {"url": "http://www.marthastewart.com/335588/herbed-egg-noodles", "healthLabels": ["Sugar-Conscious", "Low Potassium", "Kidney-Friendly", "Vegetarian", "Pescatarian", "Peanut-Free", "Tree-Nut-Free", "Soy-Free", "Fish-Free", "Shellfish-Free", "Pork-Free", "Red-Meat-Free", "Crustacean-Free", "Celery-Free", "Mustard-Free", "Sesame-Free", "Lupine-Free", "Mollusk-Free", "Alcohol-Free", "Sulfite-Free", "Kosher"], "calories": 675, "totalTime": 21.0, "cuisineType": "asian", "imageName": "42.jpg", "ingredients": [{"food": "cooked egg noodles", "quantity": 12.0, "measure": "ounce", "foodId": "food_bemdevgaj4zza7b0rtyq6bygyrn2"}, {"food": "unsalted butter", "quantity": 2.0, "measure": "tablespoon", "foodId": "food_awz3iefajbk1fwahq9logahmgltj"}, {"food": "parsley", "quantity": 2.0, "measure": "tablespoon", "foodId": "food_b244pqdazw24zobr5vqu2bf0uid8"}]}, "Cabbage And Noodles": {"url": "http://www.saveur.com/article/Recipes/Cabbage-and-Noodles", "healthLabels": ["Sugar-Conscious", "Kidney-Friendly", "Vegetarian", "Pescatarian", "Peanut-Free", "Tree-Nut-Free", "Soy-Free", "Fish-Free", "Shellfish-Free", "Pork-Free", "Red-Meat-Free", "Crustacean-Free", "Celery-Free", "Mustard-Free", "Sesame-Free", "Lupine-Free", "Mollusk-Free", "Alcohol-Free", "Sulfite-Free", "Kosher"], "calories": 1791, "totalTime": 0.0, "cuisineType": "asian", "imageName": "43.jpg", "ingredients": [{"food": "yellow onion", "quantity": 1.0, "measure": "<unit>", "foodId": "food_bmrvi4ob4binw9a5m7l07amlfcoy"}, {"food": "cabbage", "quantity": 0.5, "measure": "head", "foodId": "food_afb4o8kb767k0iapchxupaifxk1z"}, {"food": "butter", "quantity": 6.0, "measure": "tablespoon", "foodId": "food_awz3iefajbk1fwahq9logahmgltj"}, {"food": "vegetable oil", "quantity": 1.0, "measure": "tablespoon", "foodId": "food_bt1mzi2ah2sfg8bv7no1qai83w8s"}, {"food": "salt", "quantity": 0.0, "measure": null, "foodId": "food_btxz81db72hwbra2pncvebzzzum9"}, {"food": "black pepper", "quantity": 0.0, "measure": null, "foodId": "food_b6ywzluaaxv02wad7s1r9ag4py89"}, {"food": "wide egg noodles", "quantity": 0.5, "measure": "pound", "foodId": "food_aefg3gqa71nrtpbhjfo3yb36kd81"}]}, "Garlic Butter Noodles Recipe": {"url": "http://whiteonricecouple.com/recipes/garlic-butter-noodles-recipe/", "healthLabels": ["Low Potassium", "Kidney-Friendly", "Pescatarian", "Peanut-Free", "Tree-Nut-Free", "Fish-Free", "Pork-Free", "Red-Meat-Free", "Crustacean-Free", "Celery-Free", "Mustard-Free", "Sesame-Free", "Lupine-Free", "Alcohol-Free"], "calories": 1181, "totalTime": 0.0, "cuisineType": "asian", "imageName": "44.jpg", "ingredients": [{"food": "egg noodles", "quantity": 7.0, "measure": "ounce", "foodId": "food_aefg3gqa71nrtpbhjfo3yb36kd81"}, {"food": "butter", "quantity": 3.0, "measure": "tablespoon", "foodId": "food_awz3iefajbk1fwahq9logahmgltj"}, {"food": "mint", "quantity": 0.5, "measure": "cup", "foodId": "food_bxl4xoga4owdkeay51sy8anesxj5"}, {"food": "garlic", "quantity": 3.0, "measure": "clove", "foodId": "food_avtcmx6bgjv1jvay6s6stan8dnyp"}, {"food": "brown sugar", "quantity": 2.0, "measure": "tablespoon", "foodId": "food_aodgtqwbmeu5f6bxeffn0art3bga"}, {"food": "soy sauce", "quantity": 1.0, "measure": "teaspoon", "foodId": "food_a5g9yevb1iactoaiimbvjbkrxueh"}, {"food": "oyster sauce", "quantity": 1.0, "measure": "tablespoon", "foodId": "food_bm6al56a28x19ubll7fe8btl8wq0"}]}, "Easy Buttered Noodles recipes": {"url": "http://www.simplyrecipes.com/recipes/easy_buttered_noodles/", "healthLabels": ["Sugar-Conscious", "Kidney-Friendly", "Vegetarian", "Pescatarian", "Peanut-Free", "Tree-Nut-Free", "Soy-Free", "Fish-Free", "Shellfish-Free", "Pork-Free", "Red-Meat-Free", "Crustacean-Free", "Celery-Free", "Mustard-Free", "Sesame-Free", "Lupine-Free", "Mollusk-Free", "Alcohol-Free", "Sulfite-Free", "Kosher"], "calories": 1150, "totalTime": 18.0, "cuisineType": "asian", "imageName": "45.jpg", "ingredients": [{"food": "egg noodles", "quantity": 0.5, "measure": "pound", "foodId": "food_aefg3gqa71nrtpbhjfo3yb36kd81"}, {"food": "butter", "quantity": 2.0, "measure": "tablespoon", "foodId": "food_awz3iefajbk1fwahq9logahmgltj"}, {"food": "parmesan cheese", "quantity": 2.0, "measure": "tablespoon", "foodId": "food_a104ppxa06d3emb272fkcab3cugd"}, {"food": "parsley", "quantity": 1.0, "measure": "tablespoon", "foodId": "food_b244pqdazw24zobr5vqu2bf0uid8"}, {"food": "salt", "quantity": 0.0, "measure": null, "foodId": "food_btxz81db72hwbra2pncvebzzzum9"}, {"food": "pepper", "quantity": 0.0, "measure": null, "foodId": "food_b6ywzluaaxv02wad7s1r9ag4py89"}]}, "Chicken Sesame Noodles": {"url": "http://www.bbcgoodfood.com/recipes/4556/", "healthLabels": ["Dairy-Free", "Peanut-Free", "Tree-Nut-Free", "Fish-Free", "Shellfish-Free", "Pork-Free", "Red-Meat-Free", "Crustacean-Free", "Celery-Free", "Mustard-Free", "Lupine-Free", "Mollusk-Free", "Alcohol-Free", "Kosher"], "calories": 1339, "totalTime": 0.0, "cuisineType": "asian", "imageName": "46.jpg", "ingredients": [{"food": "egg noodles", "quantity": 100.0, "measure": "gram", "foodId": "food_aefg3gqa71nrtpbhjfo3yb36kd81"}, {"food": "onion", "quantity": 1.0, "measure": "<unit>", "foodId": "food_bmrvi4ob4binw9a5m7l07amlfcoy"}, {"food": "bean sprouts", "quantity": 150.0, "measure": "gram", "foodId": "food_a8l38voaf1algubwcsji2a8z2yh3"}, {"food": "sesame oil", "quantity": 2.0, "measure": "tablespoon", "foodId": "food_b2id9opa0l5afvbw2do5xa1fnz4q"}, {"food": "chicken breasts", "quantity": 2.0, "measure": "<unit>", "foodId": "food_a9hdg97b1sqqs5aj1al75bbo5iyt"}, {"food": "soy sauce", "quantity": 2.0, "measure": "tablespoon", "foodId": "food_a5g9yevb1iactoaiimbvjbkrxueh"}, {"food": "garlic", "quantity": 1.0, "measure": "clove", "foodId": "food_avtcmx6bgjv1jvay6s6stan8dnyp"}]}, "Mint and Scallion Soba Noodles": {"url": "https://www.epicurious.com/recipes/food/views/mint-and-scallion-soba-noodles-105128", "healthLabels": ["Sugar-Conscious", "Vegan", "Vegetarian", "Pescatarian", "Dairy-Free", "Egg-Free", "Peanut-Free", "Tree-Nut-Free", "Fish-Free", "Shellfish-Free", "Pork-Free", "Red-Meat-Free", "Crustacean-Free", "Celery-Free", "Mustard-Free", "Sesame-Free", "Lupine-Free", "Mollusk-Free", "Alcohol-Free", "Kosher"], "calories": 1384, "totalTime": 0.0, "cuisineType": "asian", "imageName": "47.jpg", "ingredients": [{"food": "soba noodles", "quantity": 12.0, "measure": "ounce", "foodId": "food_aqaha3dafwlf4qa5jg1b2bwzz8jm"}, {"food": "rice vinegar", "quantity": 0.3333333333333333, "measure": "cup", "foodId": "food_axlcd4tack2d20bveizm4ayu0h2w"}, {"food": "vegetable oil", "quantity": 1.0, "measure": "tablespoon", "foodId": "food_bt1mzi2ah2sfg8bv7no1qai83w8s"}, {"food": "soy sauce", "quantity": 1.0, "measure": "tablespoon", "foodId": "food_a5g9yevb1iactoaiimbvjbkrxueh"}, {"food": "sugar", "quantity": 1.25, "measure": "teaspoon", "foodId": "food_axi2ijobrk819yb0adceobnhm1c2"}, {"food": "salt", "quantity": 0.75, "measure": "teaspoon", "foodId": "food_btxz81db72hwbra2pncvebzzzum9"}, {"food": "mint", "quantity": 0.5, "measure": "cup", "foodId": "food_bxl4xoga4owdkeay51sy8anesxj5"}, {"food": "scallions", "quantity": 1.5, "measure": "bunch", "foodId": "food_bknlkyzbuzo27pb11whr4bttkuy6"}]}, "Asian Fried Noodles": {"url": "https://food52.com/recipes/59193-asian-fried-noodles", "healthLabels": ["Vegetarian", "Pescatarian", "Dairy-Free", "Tree-Nut-Free", "Fish-Free", "Shellfish-Free", "Pork-Free", "Red-Meat-Free", "Crustacean-Free", "Celery-Free", "Mustard-Free", "Lupine-Free", "Mollusk-Free", "Alcohol-Free", "Sulfite-Free", "Kosher"], "calories": 1271, "totalTime": 0.0, "cuisineType": "asian", "imageName": "48.jpg", "ingredients": [{"food": "udon noodles", "quantity": 7.0, "measure": "ounce", "foodId": "food_a8hs60uayl5icia1qe8qoba1kwp8"}, {"food": "peas", "quantity": 2.0, "measure": "ounce", "foodId": "food_bbi35jtbjt7un9bsa2m7eazlsk91"}, {"food": "mung bean sprouts", "quantity": 2.0, "measure": "ounce", "foodId": "food_a8l38voaf1algubwcsji2a8z2yh3"}, {"food": "red bell pepper", "quantity": 1.0, "measure": "<unit>", "foodId": "food_a8g63g7ak6bnmvbu7agxibp4a0dy"}, {"food": "szechuan pepper", "quantity": 0.5, "measure": "teaspoon", "foodId": "food_a8iooz3aris8gba605l07brngnrx"}, {"food": "cilantro", "quantity": 0.5, "measure": "bunch", "foodId": "food_alhzhuwb4lc7jnb5s6f02by60bzp"}, {"food": "sesame oil", "quantity": 1.0, "measure": "tablespoon", "foodId": "food_b2id9opa0l5afvbw2do5xa1fnz4q"}, {"food": "eggs", "quantity": 3.0, "measure": "<unit>", "foodId": "food_bhpradua77pk16aipcvzeayg732r"}, {"food": "light soy sauce", "quantity": 2.0, "measure": "tablespoon", "foodId": "food_af8xwhdbq4vg0tbqfqjysafu339b"}, {"food": "salted peanuts", "quantity": 2.0, "measure": "tablespoon", "foodId": "food_ak0gpvfanzeuffbybsjb4baxi9jx"}]}, "Singapore noodles": {"url": "http://www.bbc.co.uk/food/recipes/singapore_noodles_69488", "healthLabels": ["Dairy-Free", "Peanut-Free", "Tree-Nut-Free", "Fish-Free", "Celery-Free", "Mustard-Free", "Sesame-Free", "Lupine-Free", "Mollusk-Free"], "calories": 1549, "totalTime": 60.0, "cuisineType": "south east asian", "imageName": "49.jpg", "ingredients": [{"food": "pork tenderloin", "quantity": 300.0, "measure": "gram", "foodId": "food_bgd2x5qbzpcbz0apfim52a8wr97x"}, {"food": "soy sauce", "quantity": 3.0, "measure": "tablespoon", "foodId": "food_a5g9yevb1iactoaiimbvjbkrxueh"}, {"food": "sherry", "quantity": 2.0, "measure": "tablespoon", "foodId": "food_bw2ziyiaoqtjc8abha34haszk8b9"}, {"food": "light brown sugar", "quantity": 2.0, "measure": "teaspoon", "foodId": "food_aodgtqwbmeu5f6bxeffn0art3bga"}, {"food": "five spice powder", "quantity": 0.5, "measure": "teaspoon", "foodId": "food_avzem7oamop4dsa5wb65obt5ldgi"}, {"food": "sunflower oil", "quantity": 3.0, "measure": "tablespoon", "foodId": "food_b09yz1nbx49rv1bss5kgxat77cvn"}, {"food": "egg noodles", "quantity": 100.0, "measure": "gram", "foodId": "food_aefg3gqa71nrtpbhjfo3yb36kd81"}, {"food": "red onion", "quantity": 1.0, "measure": "<unit>", "foodId": "food_bmrvi4ob4binw9a5m7l07amlfcoy"}, {"food": "red pepper", "quantity": 1.0, "measure": "<unit>", "foodId": "food_a8g63g7ak6bnmvbu7agxibp4a0dy"}, {"food": "shiitake mushrooms", "quantity": 100.0, "measure": "gram", "foodId": "food_aq85j07b3arnn3bjy9gribye1mpm"}, {"food": "garlic", "quantity": 2.0, "measure": "clove", "foodId": "food_avtcmx6bgjv1jvay6s6stan8dnyp"}, {"food": "ginger", "quantity": 20.0, "measure": "gram", "foodId": "food_bi2ki2xb5zmmvbaiwf7ztbgktzp6"}, {"food": "curry powder", "quantity": 2.0, "measure": "teaspoon", "foodId": "food_ao4koeoajh7yjxaq2knzrbv55y8o"}, {"food": "prawns", "quantity": 200.0, "measure": "gram", "foodId": "food_b38bejhbq9loe2bbb7bnmbcpteft"}, {"food": "spring onions", "quantity": 10.0, "measure": "<unit>", "foodId": "food_bknlkyzbuzo27pb11whr4bttkuy6"}]}, "Butternut Squash Noodles": {"url": "http://www.eatingwell.com/recipe/281227/butternut-squash-noodles/", "healthLabels": ["Sugar-Conscious", "Vegetarian", "Pescatarian", "Mediterranean", "Peanut-Free", "Tree-Nut-Free", "Soy-Free", "Fish-Free", "Shellfish-Free", "Pork-Free", "Red-Meat-Free", "Crustacean-Free", "Celery-Free", "Mustard-Free", "Sesame-Free", "Lupine-Free", "Mollusk-Free", "Alcohol-Free", "Sulfite-Free", "Kosher"], "calories": 924, "totalTime": 15.0, "cuisineType": "asian", "imageName": "50.jpg", "ingredients": [{"food": "extra-virgin olive oil", "quantity": 1.0, "measure": "tablespoon", "foodId": "food_b1d1icuad3iktrbqby0hiagafaz7"}, {"food": "garlic", "quantity": 2.0, "measure": "clove", "foodId": "food_avtcmx6bgjv1jvay6s6stan8dnyp"}, {"food": "squash", "quantity": 5.0, "measure": "cup", "foodId": "food_b1a90x2by6m8pnbsdfxnmascz2tc"}, {"food": "salt", "quantity": 0.5, "measure": "teaspoon", "foodId": "food_btxz81db72hwbra2pncvebzzzum9"}, {"food": "crushed red pepper", "quantity": 0.25, "measure": "teaspoon", "foodId": "food_a8iooz3aris8gba605l07brngnrx"}, {"food": "fresh thyme", "quantity": 2.0, "measure": "teaspoon", "foodId": "food_b3o3cj7a5gskecb0ufphtadnbfqb"}, {"food": "parmesan cheese", "quantity": 0.75, "measure": "cup", "foodId": "food_a104ppxa06d3emb272fkcab3cugd"}]}}}