{"pancake": {"Whole Wheat Pancake and Waffle Mix": {"url": "https://www.epicurious.com/recipes/food/views/whole-wheat-pancake-and-waffle-mix-56389938", "healthLabels": ["Vegetarian", "Pescatarian", "Peanut-Free", "Tree-Nut-Free", "Soy-Free", "Fish-Free", "Shellfish-Free", "Pork-Free", "Red-Meat-Free", "Crustacean-Free", "Celery-Free", "Mustard-Free", "Sesame-Free", "Lupine-Free", "Mollusk-Free", "Alcohol-Free", "Kosher"], "calories": 3494, "totalTime": 0.0, "cuisineType": "american", "imageName": "71.jpg", "ingredients": [{"food": "whole wheat flour", "quantity": 6.0, "measure": "cup", "foodId": "food_azuyr92bee8mu1aodnko9agg46su"}, {"food": "sugar", "quantity": 0.3333333333333333, "measure": "cup", "foodId": "food_axi2ijobrk819yb0adceobnhm1c2"}, {"food": "baking powder", "quantity": 2.0, "measure": "tablespoon", "foodId": "food_bad4zycbt4w60dbut111vaub2g3e"}, {"food": "baking soda", "quantity": 1.0, "measure": "tablespoon", "foodId": "food_asa4cjoa3lmt8ibwdg0cpblheo69"}, {"food": "salt", "quantity": 2.0, "measure": "teaspoon", "foodId": "food_btxz81db72hwbra2pncvebzzzum9"}, {"food": "egg", "quantity": 1.0, "measure": "<unit>", "foodId": "food_bhpradua77pk16aipcvzeayg732r"}, {"food": "buttermilk", "quantity": 1.0, "measure": "cup", "foodId": "food_axwuni1bjd81cybjn45rwb25o4jb"}, {"food": "canola oil", "quantity": 1.0, "measure": "tablespoon", "foodId": "food_bk9p9aaavhvoq4bqsnprobpsiuxs"}, {"food": "pancake mix", "quantity": 1.0, "measure": "cup", "foodId": "food_as3p64aa0ddgjjablg650a6is216"}]}, "Blueberry Pancakes + Pancake 101": {"url": "http://smittenkitchen.com/2008/07/blueberry-pancakes-pancake-101/", "healthLabels": ["Low Potassium", "Kidney-Friendly", "Vegetarian", "Pescatarian", "Peanut-Free", "Tree-Nut-Free", "Soy-Free", "Fish-Free", "Shellfish-Free", "Pork-Free", "Red-Meat-Free", "Crustacean-Free", "Celery-Free", "Mustard-Free", "Sesame-Free", "Lupine-Free", "Mollusk-Free", "Alcohol-Free", "Kosher"], "calories": 2090, "totalTime": 0.0, "cuisineType": "american", "imageName": "72.jpg", "ingredients": [{"food": "all-purpose flour", "quantity": 2.0, "measure": "cup", "foodId": "food_ar3x97tbq9o9p6b6gzwj0am0c81l"}, {"food": "baking powder", "quantity": 2.0, "measure": "teaspoon", "foodId": "food_bad4zycbt4w60dbut111vaub2g3e"}, {"food": "baking soda", "quantity": 1.0, "measure": "teaspoon", "foodId": "food_asa4cjoa3lmt8ibwdg0cpblheo69"}, {"food": "table salt", "quantity": 0.5, "measure": "teaspoon", "foodId": "food_btxz81db72hwbra2pncvebzzzum9"}, {"food": "sugar", "quantity": 3.0, "measure": "tablespoon", "foodId": "food_axi2ijobrk819yb0adceobnhm1c2"}, {"food": "eggs", "quantity": 2.0, "measure": "<unit>", "foodId": "food_bhpradua77pk16aipcvzeayg732r"}, {"food": "buttermilk", "quantity": 3.0, "measure": "cup", "foodId": "food_axwuni1bjd81cybjn45rwb25o4jb"}, {"food": "unsalted butter", "quantity": 4.0, "measure": "tablespoon", "foodId": "food_awz3iefajbk1fwahq9logahmgltj"}, {"food": "blueberries", "quantity": 1.0, "measure": "cup", "foodId": "food_bgkl0cuasoeomtbolalmcauhha54"}]}, "Game-Changing Pancake Mix": {"url": "https://food52.com/recipes/40197-game-changing-pancake-mix", "healthLabels": ["Vegetarian", "Pescatarian", "Peanut-Free", "Tree-Nut-Free", "Soy-Free", "Fish-Free", "Shellfish-Free", "Pork-Free", "Red-Meat-Free", "Crustacean-Free", "Celery-Free", "Mustard-Free", "Sesame-Free", "Lupine-Free", "Mollusk-Free", "Alcohol-Free", "Kosher"], "calories": 6156, "totalTime": 0.0, "cuisineType": "american", "imageName": "73.jpg", "ingredients": [{"food": "old-fashioned oats", "quantity": 255.0, "measure": "gram", "foodId": "food_a80zurbb0utplravgzuhxb1ipn8k"}, {"food": "rye flour", "quantity": 117.0, "measure": "gram", "foodId": "food_aaunsnzbeyyj8rbkei49wb6nxlii"}, {"food": "whole-wheat flour", "quantity": 270.0, "measure": "gram", "foodId": "food_azuyr92bee8mu1aodnko9agg46su"}, {"food": "all-purpose flour", "quantity": 300.0, "measure": "gram", "foodId": "food_ar3x97tbq9o9p6b6gzwj0am0c81l"}, {"food": "light brown sugar", "quantity": 0.25, "measure": "cup", "foodId": "food_aodgtqwbmeu5f6bxeffn0art3bga"}, {"food": "baking soda", "quantity": 1.0, "measure": "tablespoon", "foodId": "food_asa4cjoa3lmt8ibwdg0cpblheo69"}, {"food": "baking powder", "quantity": 1.0, "measure": "tablespoon", "foodId": "food_bad4zycbt4w60dbut111vaub2g3e"}, {"food": "kosher salt", "quantity": 1.0, "measure": "tablespoon", "foodId": "food_a1vgrj1bs8rd1majvmd9ubz8ttkg"}, {"food": "extra-virgin olive oil", "quantity": 1.0, "measure": "cup", "foodId": "food_b1d1icuad3iktrbqby0hiagafaz7"}, {"food": "pancake mix", "quantity": 1.0, "measure": "cup", "foodId": "food_as3p64aa0ddgjjablg650a6is216"}, {"food": "buttermilk", "quantity": 1.0, "measure": "cup", "foodId": "food_axwuni1bjd81cybjn45rwb25o4jb"}, {"food": "egg", "quantity": 1.0, "measure": "<unit>", "foodId": "food_bhpradua77pk16aipcvzeayg732r"}, {"food": "butter", "quantity": 0.0, "measure": null, "foodId": "food_awz3iefajbk1fwahq9logahmgltj"}]}, "Apple Pie Pancake Rolls": {"url": "http://www.thedailymeal.com/recipes/apple-pie-pancake-rolls-recipe", "healthLabels": ["Low Potassium", "Kidney-Friendly", "Vegetarian", "Pescatarian", "Egg-Free", "Peanut-Free", "Tree-Nut-Free", "Soy-Free", "Fish-Free", "Shellfish-Free", "Pork-Free", "Red-Meat-Free", "Crustacean-Free", "Celery-Free", "Mustard-Free", "Sesame-Free", "Lupine-Free", "Mollusk-Free", "Alcohol-Free", "Kosher"], "calories": 1121, "totalTime": 0.0, "cuisineType": "american", "imageName": "74.jpg", "ingredients": [{"food": "buttermilk pancake mix", "quantity": 1.0, "measure": "cup", "foodId": "food_a6n7kp3avcmvv0b0zkh4lb4kv8z5"}, {"food": "apple juice", "quantity": 1.0, "measure": "cup", "foodId": "food_ai7w4okaoeknd5b5j9o66bm6nu10"}, {"food": "cinnamon", "quantity": 0.5, "measure": "teaspoon", "foodId": "food_atjxtznauw5zabaixm24xa787onz"}, {"food": "apple pie filling", "quantity": 21.0, "measure": "ounce", "foodId": "food_age1u8jbc0t136bz984e3ba9z7gp"}, {"food": "powdered sugar", "quantity": 1.0, "measure": "serving", "foodId": "food_b7rbtshahirxisbtyc77sbv8jdue"}]}, "French In A Flash: Cheated Cherry Clafoutis": {"url": "http://www.seriouseats.com/recipes/2009/12/french-in-a-flash-cheated-cherry-clafoutis-recipe.html", "healthLabels": ["Kidney-Friendly", "Vegetarian", "Pescatarian", "Peanut-Free", "Tree-Nut-Free", "Soy-Free", "Fish-Free", "Shellfish-Free", "Pork-Free", "Red-Meat-Free", "Crustacean-Free", "Celery-Free", "Mustard-Free", "Sesame-Free", "Lupine-Free", "Mollusk-Free", "Alcohol-Free", "Kosher"], "calories": 1611, "totalTime": 0.0, "cuisineType": "french", "imageName": "75.jpg", "ingredients": [{"food": "cherries", "quantity": 40.0, "measure": "<unit>", "foodId": "food_bv3hog1bd5qa4oafi7lb3bjz8i92"}, {"food": "pancake mix", "quantity": 1.0, "measure": "cup", "foodId": "food_as3p64aa0ddgjjablg650a6is216"}, {"food": "half and half", "quantity": 1.0, "measure": "cup", "foodId": "food_bhxfjwwbw6wqyjaxv9zugbqayb0p"}, {"food": "egg", "quantity": 1.0, "measure": "<unit>", "foodId": "food_bhpradua77pk16aipcvzeayg732r"}, {"food": "butter", "quantity": 3.0, "measure": "tablespoon", "foodId": "food_awz3iefajbk1fwahq9logahmgltj"}, {"food": "sugar", "quantity": 5.0, "measure": "tablespoon", "foodId": "food_axi2ijobrk819yb0adceobnhm1c2"}]}, "Pancake Roll-Ups": {"url": "https://www.foodnetwork.com/recipes/pancake-roll-ups-recipe-2121735", "healthLabels": ["Egg-Free", "Peanut-Free", "Tree-Nut-Free", "Soy-Free", "Fish-Free", "Shellfish-Free", "Pork-Free", "Red-Meat-Free", "Crustacean-Free", "Celery-Free", "Mustard-Free", "Sesame-Free", "Lupine-Free", "Mollusk-Free", "Alcohol-Free", "No oil added"], "calories": 2918, "totalTime": 15.0, "cuisineType": "american", "imageName": "76.jpg", "ingredients": [{"food": "turkey sausage", "quantity": 12.0, "measure": "link", "foodId": "food_btoo6xhar5qb6rb7r3ooya6qump1"}, {"food": "fiber one complete pancake mix", "quantity": 2.0, "measure": "cup", "foodId": "food_as3p64aa0ddgjjablg650a6is216"}, {"food": "water", "quantity": 1.5, "measure": "cup", "foodId": "food_a99vzubbk1ayrsad318rvbzr3dh0"}, {"food": "powdered sugar", "quantity": 0.0, "measure": null, "foodId": "food_b7rbtshahirxisbtyc77sbv8jdue"}, {"food": "syrup", "quantity": 1.0, "measure": "cup", "foodId": "food_bo37p69bopqshvaul0bn4bv0kqni"}]}, "Pancake cannelloni": {"url": "http://www.bbcgoodfood.com/recipes/pancake-cannelloni", "healthLabels": ["Peanut-Free", "Soy-Free", "Fish-Free", "Shellfish-Free", "Pork-Free", "Crustacean-Free", "Celery-Free", "Mustard-Free", "Sesame-Free", "Lupine-Free", "Mollusk-Free", "Alcohol-Free", "Sulfite-Free"], "calories": 6509, "totalTime": 60.0, "cuisineType": "italian", "imageName": "77.jpg", "ingredients": [{"food": "meatballs", "quantity": 420.0, "measure": "gram", "foodId": "food_boq91pbbhklr6sb0d9sbybzgklkm"}, {"food": "spinach", "quantity": 400.0, "measure": "gram", "foodId": "food_aoceuc6bshdej1bbsdammbnj6l6o"}, {"food": "basil pesto", "quantity": 2.0, "measure": "tablespoon", "foodId": "food_amlzb2yam5vuysaaikhe3a68ojnn"}, {"food": "ricotta", "quantity": 250.0, "measure": "gram", "foodId": "food_ahhgiwga1i8qo9bcvoa6wbi3xybg"}, {"food": "egg", "quantity": 1.0, "measure": "<unit>", "foodId": "food_bhpradua77pk16aipcvzeayg732r"}, {"food": "ground nutmeg", "quantity": 0.25, "measure": "teaspoon", "foodId": "food_aa8vp2kadkkiiubgpp48fazrqiq2"}, {"food": "pancakes", "quantity": 8.0, "measure": "<unit>", "foodId": "food_arkzuipbntl84kb0eeg8dbo8egdt"}, {"food": "passata", "quantity": 500.0, "measure": "gram", "foodId": "food_a9li7ueb0mw12dbnr2jlhbry5k3a"}, {"food": "garlic", "quantity": 1.0, "measure": "clove", "foodId": "food_avtcmx6bgjv1jvay6s6stan8dnyp"}, {"food": "mozzarella", "quantity": 125.0, "measure": "gram", "foodId": "food_am27cpgbcz7639bm3uvx0ai1xhrs"}, {"food": "basil", "quantity": 1.0, "measure": "bunch", "foodId": "food_bfeht3obd58c3gak5ehpibxgbbs6"}]}, "Savory Coconut Pancakes recipes": {"url": "http://nomnompaleo.com/post/5538068650/savory-coconut-pancakes", "healthLabels": ["Sugar-Conscious", "Low Potassium", "Kidney-Friendly", "Keto-Friendly", "Vegetarian", "Pescatarian", "Peanut-Free", "Soy-Free", "Fish-Free", "Shellfish-Free", "Pork-Free", "Red-Meat-Free", "Crustacean-Free", "Celery-Free", "Mustard-Free", "Sesame-Free", "Lupine-Free", "Mollusk-Free", "Alcohol-Free", "Sulfite-Free", "Kosher"], "calories": 347, "totalTime": 0.0, "cuisineType": "american", "imageName": "78.jpg", "ingredients": [{"food": "eggs", "quantity": 3.0, "measure": "<unit>", "foodId": "food_bhpradua77pk16aipcvzeayg732r"}, {"food": "coconut flour", "quantity": 2.0, "measure": "tablespoon", "foodId": "food_bc5181abdls6iab2osjpha7jjzpo"}, {"food": "kosher salt", "quantity": 0.0, "measure": null, "foodId": "food_a1vgrj1bs8rd1majvmd9ubz8ttkg"}, {"food": "butter", "quantity": 1.0, "measure": "tablespoon", "foodId": "food_awz3iefajbk1fwahq9logahmgltj"}]}, "Buckwheat Pancakes recipes": {"url": "http://www.simplyrecipes.com/recipes/buckwheat_pancakes/", "healthLabels": ["Kidney-Friendly", "Vegetarian", "Pescatarian", "Peanut-Free", "Tree-Nut-Free", "Soy-Free", "Fish-Free", "Shellfish-Free", "Pork-Free", "Red-Meat-Free", "Crustacean-Free", "Celery-Free", "Mustard-Free", "Sesame-Free", "Lupine-Free", "Mollusk-Free", "Alcohol-Free", "Kosher"], "calories": 1448, "totalTime": 25.0, "cuisineType": "american", "imageName": "79.jpg", "ingredients": [{"food": "vegetable oil", "quantity": 0.0, "measure": null, "foodId": "food_bt1mzi2ah2sfg8bv7no1qai83w8s"}, {"food": "buckwheat flour", "quantity": 0.75, "measure": "cup", "foodId": "food_avzhujxbexyaocbm2w1dybkter2d"}, {"food": "all-purpose flour", "quantity": 0.75, "measure": "cup", "foodId": "food_ar3x97tbq9o9p6b6gzwj0am0c81l"}, {"food": "sugar", "quantity": 3.0, "measure": "tablespoon", "foodId": "food_axi2ijobrk819yb0adceobnhm1c2"}, {"food": "salt", "quantity": 0.5, "measure": "teaspoon", "foodId": "food_btxz81db72hwbra2pncvebzzzum9"}, {"food": "baking soda", "quantity": 1.0, "measure": "teaspoon", "foodId": "food_asa4cjoa3lmt8ibwdg0cpblheo69"}, {"food": "unsalted butter", "quantity": 3.0, "measure": "tablespoon", "foodId": "food_awz3iefajbk1fwahq9logahmgltj"}, {"food": "egg", "quantity": 1.0, "measure": "<unit>", "foodId": "food_bhpradua77pk16aipcvzeayg732r"}, {"food": "buttermilk", "quantity": 475.0, "measure": "milliliter", "foodId": "food_axwuni1bjd81cybjn45rwb25o4jb"}]}, "A Bite of Britain: Pancake Day": {"url": "http://honestcooking.com/a-bite-of-britain-pancake-day/", "healthLabels": ["Kidney-Friendly", "Vegetarian", "Pescatarian", "Peanut-Free", "Tree-Nut-Free", "Soy-Free", "Fish-Free", "Shellfish-Free", "Pork-Free", "Red-Meat-Free", "Crustacean-Free", "Celery-Free", "Mustard-Free", "Sesame-Free", "Lupine-Free", "Mollusk-Free", "Alcohol-Free", "Kosher"], "calories": 1194, "totalTime": 15.0, "cuisineType": "american", "imageName": "80.jpg", "ingredients": [{"food": "flour", "quantity": 120.0, "measure": "gram", "foodId": "food_ahebfs0a985an4aubqaebbipra58"}, {"food": "eggs", "quantity": 2.0, "measure": "<unit>", "foodId": "food_bhpradua77pk16aipcvzeayg732r"}, {"food": "butter", "quantity": 1.0, "measure": "tablespoon", "foodId": "food_awz3iefajbk1fwahq9logahmgltj"}, {"food": "salt", "quantity": 1.0, "measure": "pinch", "foodId": "food_btxz81db72hwbra2pncvebzzzum9"}, {"food": "milk", "quantity": 425.0, "measure": "milliliter", "foodId": "food_b49rs1kaw0jktabzkg2vvanvvsis"}, {"food": "granulated sugar", "quantity": 60.0, "measure": "gram", "foodId": "food_axi2ijobrk819yb0adceobnhm1c2"}, {"food": "lemons", "quantity": 2.0, "measure": "<unit>", "foodId": "food_a6uzc62astrxcgbtzyq59b6fncrr"}]}}}