{"pasta": {"Pasta alla Gricia Recipe": {"url": "http://www.seriouseats.com/recipes/2009/02/seriously-italian-pasta-alla-gricia-recipe.html", "healthLabels": ["Sugar-Conscious", "Low Potassium", "Kidney-Friendly", "Egg-Free", "Peanut-Free", "Tree-Nut-Free", "Soy-Free", "Fish-Free", "Shellfish-Free", "Crustacean-Free", "Celery-Free", "Mustard-Free", "Sesame-Free", "Lupine-Free", "Mollusk-Free", "Alcohol-Free", "No oil added", "Sulfite-Free"], "calories": 691, "totalTime": 0.0, "cuisineType": "italian", "imageName": "155.jpg", "ingredients": [{"food": "guanciale", "quantity": 1.75, "measure": "ounce", "foodId": "food_av0awb0bgs18qub01sd9kbx44b61"}, {"food": "pecorino romano", "quantity": 2.0, "measure": "tablespoon", "foodId": "food_bmxguz9abbdnfvbuklp2mbsrpt6b"}, {"food": "pasta", "quantity": 4.0, "measure": "ounce", "foodId": "food_a8hs60uayl5icia1qe8qoba1kwp8"}]}, "Pasta Frittata Recipe": {"url": "http://www.foodrepublic.com/2012/01/21/pasta-frittata-recipe", "healthLabels": ["Sugar-Conscious", "Vegetarian", "Pescatarian", "Peanut-Free", "Tree-Nut-Free", "Soy-Free", "Fish-Free", "Shellfish-Free", "Pork-Free", "Red-Meat-Free", "Crustacean-Free", "Celery-Free", "Mustard-Free", "Sesame-Free", "Lupine-Free", "Mollusk-Free", "Alcohol-Free", "Sulfite-Free", "Kosher"], "calories": 1423, "totalTime": 0.0, "cuisineType": "italian", "imageName": "156.jpg", "ingredients": [{"food": "pasta", "quantity": 2.0, "measure": "cup", "foodId": "food_a8hs60uayl5icia1qe8qoba1kwp8"}, {"food": "eggs", "quantity": 4.0, "measure": "<unit>", "foodId": "food_bhpradua77pk16aipcvzeayg732r"}, {"food": "butter", "quantity": 2.0, "measure": "tablespoon", "foodId": "food_awz3iefajbk1fwahq9logahmgltj"}]}, "Kimchi Pasta": {"url": "http://norecipes.com/blog/2010/02/02/kimchi-pasta-recipe/", "healthLabels": ["Sugar-Conscious", "Kidney-Friendly", "Dairy-Free", "Egg-Free", "Peanut-Free", "Tree-Nut-Free", "Fish-Free", "Shellfish-Free", "Crustacean-Free", "Celery-Free", "Mustard-Free", "Sesame-Free", "Lupine-Free", "Mollusk-Free", "Alcohol-Free", "Sulfite-Free", "Immuno-Supportive"], "calories": 1165, "totalTime": 0.0, "cuisineType": "italian", "imageName": "157.jpg", "ingredients": [{"food": "olive oil", "quantity": 2.0, "measure": "tablespoon", "foodId": "food_b1d1icuad3iktrbqby0hiagafaz7"}, {"food": "pork belly", "quantity": 3.0, "measure": "ounce", "foodId": "food_apsk2crak8lyaebtrwv35afch7y8"}, {"food": "kimchi", "quantity": 0.5, "measure": "cup", "foodId": "food_bduum2lbcapcidb4j4a9jahvsqnt"}, {"food": "garlic", "quantity": 1.0, "measure": "clove", "foodId": "food_avtcmx6bgjv1jvay6s6stan8dnyp"}, {"food": "gochujang", "quantity": 1.0, "measure": "tablespoon", "foodId": "food_b23eh15b115s1majxlxypahp1k2f"}, {"food": "pasta", "quantity": 4.0, "measure": "ounce", "foodId": "food_a8hs60uayl5icia1qe8qoba1kwp8"}, {"food": "scallion", "quantity": 1.0, "measure": "<unit>", "foodId": "food_bknlkyzbuzo27pb11whr4bttkuy6"}]}, "Pasta Alla Genovese": {"url": "http://www.bbcgoodfood.com/recipes/11294/", "healthLabels": ["Vegetarian", "Pescatarian", "Mediterranean", "Egg-Free", "Peanut-Free", "Soy-Free", "Fish-Free", "Shellfish-Free", "Pork-Free", "Red-Meat-Free", "Crustacean-Free", "Celery-Free", "Mustard-Free", "Sesame-Free", "Lupine-Free", "Mollusk-Free", "Alcohol-Free", "Sulfite-Free", "Kosher"], "calories": 1638, "totalTime": 0.0, "cuisineType": "italian", "imageName": "158.jpg", "ingredients": [{"food": "parmesan", "quantity": 1.0, "measure": "squeeze", "foodId": "food_a104ppxa06d3emb272fkcab3cugd"}, {"food": "green beans", "quantity": 100.0, "measure": "gram", "foodId": "food_aceucvpau4a8v6atkx5eabxyoqdn"}, {"food": "pesto", "quantity": 1.0, "measure": "<unit>", "foodId": "food_amlzb2yam5vuysaaikhe3a68ojnn"}, {"food": "new potatoes", "quantity": 150.0, "measure": "gram", "foodId": "food_b5m473aabh39qbbre3ypaa4uwd7j"}, {"food": "pasta", "quantity": 300.0, "measure": "gram", "foodId": "food_a8hs60uayl5icia1qe8qoba1kwp8"}]}, "Pesto Pasta Salad": {"url": "https://www.marthastewart.com/1155049/pesto-pasta-salad", "healthLabels": ["Sugar-Conscious", "Vegetarian", "Pescatarian", "Mediterranean", "Egg-Free", "Peanut-Free", "Soy-Free", "Fish-Free", "Shellfish-Free", "Pork-Free", "Red-Meat-Free", "Crustacean-Free", "Celery-Free", "Mustard-Free", "Sesame-Free", "Lupine-Free", "Mollusk-Free", "Alcohol-Free", "Sulfite-Free", "Kosher"], "calories": 2437, "totalTime": 0.0, "cuisineType": "italian", "imageName": "159.jpg", "ingredients": [{"food": "coarse salt", "quantity": 0.0, "measure": null, "foodId": "food_a1vgrj1bs8rd1majvmd9ubz8ttkg"}, {"food": "pasta", "quantity": 1.0, "measure": "pound", "foodId": "food_a8hs60uayl5icia1qe8qoba1kwp8"}, {"food": "basil pesto", "quantity": 8.0, "measure": "ounce", "foodId": "food_amlzb2yam5vuysaaikhe3a68ojnn"}]}, "Guacamole Pasta": {"url": "https://food52.com/recipes/29760-guacamole-pasta", "healthLabels": ["Vegan", "Vegetarian", "Pescatarian", "Mediterranean", "DASH", "Dairy-Free", "Egg-Free", "Peanut-Free", "Tree-Nut-Free", "Soy-Free", "Fish-Free", "Shellfish-Free", "Pork-Free", "Red-Meat-Free", "Crustacean-Free", "Celery-Free", "Mustard-Free", "Sesame-Free", "Lupine-Free", "Mollusk-Free", "Alcohol-Free", "No oil added", "Sulfite-Free", "Kosher", "Immuno-Supportive"], "calories": 559, "totalTime": 0.0, "cuisineType": "mexican", "imageName": "160.jpg", "ingredients": [{"food": "avocado", "quantity": 0.5, "measure": "<unit>", "foodId": "food_b0yuze4b1g3afpanijno5abtiu28"}, {"food": "pasta", "quantity": 100.0, "measure": "gram", "foodId": "food_a8hs60uayl5icia1qe8qoba1kwp8"}, {"food": "scallion", "quantity": 0.25, "measure": "<unit>", "foodId": "food_bknlkyzbuzo27pb11whr4bttkuy6"}, {"food": "tomato", "quantity": 1.0, "measure": "<unit>", "foodId": "food_a6k79rrahp8fe2b26zussa3wtkqh"}, {"food": "lemon", "quantity": 0.25, "measure": "<unit>", "foodId": "food_a6uzc62astrxcgbtzyq59b6fncrr"}, {"food": "salt", "quantity": 0.0, "measure": null, "foodId": "food_btxz81db72hwbra2pncvebzzzum9"}]}, "Mushroom Marsala Pasta with Artichokes recipes": {"url": "https://smittenkitchen.com/2009/12/mushroom-marsala-pasta-with-artichokes/", "healthLabels": ["Pescatarian", "Mediterranean", "Egg-Free", "Peanut-Free", "Tree-Nut-Free", "Soy-Free", "Pork-Free", "Red-Meat-Free", "Crustacean-Free", "Celery-Free", "Mustard-Free", "Sesame-Free", "Lupine-Free", "Kosher"], "calories": 3335, "totalTime": 35.0, "cuisineType": "mediterranean", "imageName": "161.jpg", "ingredients": [{"food": "olive oil", "quantity": 3.0, "measure": "tablespoon", "foodId": "food_b1d1icuad3iktrbqby0hiagafaz7"}, {"food": "onion", "quantity": 1.0, "measure": "<unit>", "foodId": "food_bmrvi4ob4binw9a5m7l07amlfcoy"}, {"food": "mushrooms", "quantity": 1.0, "measure": "pound", "foodId": "food_bvlose6arfl26ra396sjrb7hetqh"}, {"food": "kosher salt", "quantity": 1.0, "measure": "teaspoon", "foodId": "food_a1vgrj1bs8rd1majvmd9ubz8ttkg"}, {"food": "wine", "quantity": 1.0, "measure": "cup", "foodId": "food_bw5p1agbubb4dubpm8r0yax8fjco"}, {"food": "ditalini", "quantity": 1.0, "measure": "pound", "foodId": "food_a8hs60uayl5icia1qe8qoba1kwp8"}, {"food": "artichoke hearts", "quantity": 0.5, "measure": "pound", "foodId": "food_aneqha3aarf9vmawbdwibaf8jnus"}, {"food": "parmesan", "quantity": 0.75, "measure": "cup", "foodId": "food_a104ppxa06d3emb272fkcab3cugd"}, {"food": "cream", "quantity": 0.5, "measure": "cup", "foodId": "food_bvhbvd7bwy6a7wamfrmvmbmen1sz"}, {"food": "parsley", "quantity": 0.5, "measure": "cup", "foodId": "food_b244pqdazw24zobr5vqu2bf0uid8"}, {"food": "black pepper", "quantity": 1.0, "measure": "teaspoon", "foodId": "food_b6ywzluaaxv02wad7s1r9ag4py89"}]}, "Scrambled Egg Pasta": {"url": "https://www.epicurious.com/recipes/food/views/scrambled-egg-pasta-352270", "healthLabels": ["Sugar-Conscious", "Peanut-Free", "Tree-Nut-Free", "Soy-Free", "Fish-Free", "Shellfish-Free", "Crustacean-Free", "Celery-Free", "Mustard-Free", "Sesame-Free", "Lupine-Free", "Mollusk-Free", "Alcohol-Free", "No oil added", "Sulfite-Free"], "calories": 2448, "totalTime": 0.0, "cuisineType": "italian", "imageName": "162.jpg", "ingredients": [{"food": "eggs", "quantity": 4.0, "measure": "<unit>", "foodId": "food_bhpradua77pk16aipcvzeayg732r"}, {"food": "parmesan", "quantity": 0.5, "measure": "cup", "foodId": "food_a104ppxa06d3emb272fkcab3cugd"}, {"food": "bacon", "quantity": 8.0, "measure": "slice", "foodId": "food_av0awb0bgs18qub01sd9kbx44b61"}, {"food": "onion", "quantity": 1.0, "measure": "<unit>", "foodId": "food_bmrvi4ob4binw9a5m7l07amlfcoy"}, {"food": "cooked pasta", "quantity": 4.0, "measure": "cup", "foodId": "food_bcwokz3b2oo23xbi9zcjiav8mo2n"}, {"food": "salt", "quantity": 0.0, "measure": null, "foodId": "food_btxz81db72hwbra2pncvebzzzum9"}, {"food": "pepper", "quantity": 0.0, "measure": null, "foodId": "food_b6ywzluaaxv02wad7s1r9ag4py89"}]}, "Pasta Frittata recipes": {"url": "http://thepioneerwoman.com/food-and-friends/4-easy-ways-to-use-leftover-pasta/", "healthLabels": ["Sugar-Conscious", "Low Potassium", "Vegetarian", "Pescatarian", "Peanut-Free", "Tree-Nut-Free", "Soy-Free", "Fish-Free", "Shellfish-Free", "Pork-Free", "Red-Meat-Free", "Crustacean-Free", "Celery-Free", "Mustard-Free", "Sesame-Free", "Lupine-Free", "Mollusk-Free", "Alcohol-Free", "Sulfite-Free", "Kosher"], "calories": 1130, "totalTime": 25.0, "cuisineType": "italian", "imageName": "163.jpg", "ingredients": [{"food": "eggs", "quantity": 6.0, "measure": "<unit>", "foodId": "food_bhpradua77pk16aipcvzeayg732r"}, {"food": "salt", "quantity": 0.0, "measure": null, "foodId": "food_btxz81db72hwbra2pncvebzzzum9"}, {"food": "pepper", "quantity": 0.0, "measure": null, "foodId": "food_b6ywzluaaxv02wad7s1r9ag4py89"}, {"food": "italian seasoning", "quantity": 1.0, "measure": "teaspoon", "foodId": "food_avsq22zadwyb5cb5sl1byaa4mbo8"}, {"food": "cooked pasta", "quantity": 1.5, "measure": "cup", "foodId": "food_bcwokz3b2oo23xbi9zcjiav8mo2n"}, {"food": "parmesan cheese", "quantity": 0.6666666666666666, "measure": "cup", "foodId": "food_a104ppxa06d3emb272fkcab3cugd"}, {"food": "butter", "quantity": 1.0, "measure": "teaspoon", "foodId": "food_awz3iefajbk1fwahq9logahmgltj"}]}}}