{"pizza": {"Pizza Dough": {"url": "http://www.lottieanddoof.com/2010/01/pizza-pulp-fiction-jim-lahey/", "healthLabels": ["Vegetarian", "Pescatarian", "Egg-Free", "Peanut-Free", "Tree-Nut-Free", "Soy-Free", "Fish-Free", "Shellfish-Free", "Pork-Free", "Red-Meat-Free", "Crustacean-Free", "Celery-Free", "Mustard-Free", "Sesame-Free", "Lupine-Free", "Mollusk-Free", "Alcohol-Free", "Kosher"], "calories": 2620, "totalTime": 0.0, "cuisineType": "italian", "imageName": "164.jpg", "ingredients": [{"food": "bread flour", "quantity": 3.75, "measure": "cup", "foodId": "food_b5xk0gwa3clakbaap10sta82dgdk"}, {"food": "yeast", "quantity": 10.0, "measure": "gram", "foodId": "food_a2xisx4br72i19btvvxgzayoelqj"}, {"food": "table salt", "quantity": 5.0, "measure": "gram", "foodId": "food_btxz81db72hwbra2pncvebzzzum9"}, {"food": "sugar", "quantity": 0.75, "measure": "teaspoon", "foodId": "food_axi2ijobrk819yb0adceobnhm1c2"}, {"food": "water", "quantity": 1.5, "measure": "cup", "foodId": "food_a99vzubbk1ayrsad318rvbzr3dh0"}, {"food": "extra-virgin olive oil", "quantity": 0.0, "measure": null, "foodId": "food_b1d1icuad3iktrbqby0hiagafaz7"}, {"food": "yellow onions", "quantity": 2.0, "measure": "<unit>", "foodId": "food_bmrvi4ob4binw9a5m7l07amlfcoy"}, {"food": "heavy cream", "quantity": 0.3333333333333333, "measure": "cup", "foodId": "food_bgtkr21b5v16mca246x9ebnaswyo"}, {"food": "kosher salt", "quantity": 1.0, "measure": "teaspoon", "foodId": "food_a1vgrj1bs8rd1majvmd9ubz8ttkg"}, {"food": "fresh thyme", "quantity": 2.0, "measure": "teaspoon", "foodId": "food_b3o3cj7a5gskecb0ufphtadnbfqb"}, {"food": "diced tomatoes", "quantity": 7.0, "measure": "ounce", "foodId": "food_bnmkkwqa9h2p87bz171eoby0bsey"}, {"food": "canned tomatoes", "quantity": 0.75, "measure": "cup", "foodId": "food_bnmkkwqa9h2p87bz171eoby0bsey"}, {"food": "extra virgin olive oil", "quantity": 2.0, "measure": "teaspoon", "foodId": "food_b1d1icuad3iktrbqby0hiagafaz7"}, {"food": "red pepper flakes", "quantity": 1.0, "measure": "pinch", "foodId": "food_bispmxiaijcuxcagex14mbhk2o48"}, {"food": "fresh basil", "quantity": 1.0, "measure": "leaf", "foodId": "food_bfeht3obd58c3gak5ehpibxgbbs6"}]}, "Pizza Frizza recipes": {"url": "http://www.marthastewart.com/284463/pizza-frizza", "healthLabels": ["Sugar-Conscious", "Low Potassium", "Kidney-Friendly", "Vegan", "Vegetarian", "Pescatarian", "Dairy-Free", "Egg-Free", "Peanut-Free", "Tree-Nut-Free", "Soy-Free", "Fish-Free", "Shellfish-Free", "Pork-Free", "Red-Meat-Free", "Crustacean-Free", "Celery-Free", "Mustard-Free", "Sesame-Free", "Lupine-Free", "Mollusk-Free", "Alcohol-Free", "Kosher"], "calories": 655, "totalTime": 20.0, "cuisineType": "italian", "imageName": "165.jpg", "ingredients": [{"food": "pizza dough", "quantity": 1.0, "measure": "<unit>", "foodId": "food_bq98fb1beuvdwxax58q1cayt7w6k"}, {"food": "sugar", "quantity": 0.0, "measure": null, "foodId": "food_axi2ijobrk819yb0adceobnhm1c2"}, {"food": "oil", "quantity": 0.0, "measure": null, "foodId": "food_bk9p9aaavhvoq4bqsnprobpsiuxs"}]}, "Margarita Pizza With Fresh Mozzarella & Basil": {"url": "http://www.biggirlssmallkitchen.com/2010/06/cooking-for-others-bff-pizza-party.html", "healthLabels": ["Sugar-Conscious", "Low Potassium", "Vegetarian", "Pescatarian", "Egg-Free", "Peanut-Free", "Tree-Nut-Free", "Soy-Free", "Fish-Free", "Shellfish-Free", "Pork-Free", "Red-Meat-Free", "Crustacean-Free", "Celery-Free", "Mustard-Free", "Sesame-Free", "Lupine-Free", "Mollusk-Free", "Alcohol-Free", "Sulfite-Free", "Kosher"], "calories": 2098, "totalTime": 0.0, "cuisineType": "italian", "imageName": "166.jpg", "ingredients": [{"food": "pizza dough", "quantity": 1.0, "measure": "ball", "foodId": "food_bq98fb1beuvdwxax58q1cayt7w6k"}, {"food": "pizza sauce", "quantity": 0.875, "measure": "cup", "foodId": "food_b5h34pna67md3obisw30sbi0r0v0"}, {"food": "mozzarella", "quantity": 1.0, "measure": "pound", "foodId": "food_am27cpgbcz7639bm3uvx0ai1xhrs"}, {"food": "basil", "quantity": 10.0, "measure": "leaf", "foodId": "food_bfeht3obd58c3gak5ehpibxgbbs6"}]}, "White Pizza": {"url": "https://food52.com/recipes/40095-white-pizza", "healthLabels": ["Vegetarian", "Pescatarian", "Mediterranean", "Egg-Free", "Peanut-Free", "Soy-Free", "Fish-Free", "Shellfish-Free", "Pork-Free", "Red-Meat-Free", "Crustacean-Free", "Celery-Free", "Mustard-Free", "Sesame-Free", "Lupine-Free", "Mollusk-Free", "Alcohol-Free", "Sulfite-Free", "Kosher"], "calories": 2066, "totalTime": 0.0, "cuisineType": "italian", "imageName": "167.jpg", "ingredients": [{"food": "pizza dough", "quantity": 1.0, "measure": "pound", "foodId": "food_bq98fb1beuvdwxax58q1cayt7w6k"}, {"food": "pesto", "quantity": 0.25, "measure": "cup", "foodId": "food_amlzb2yam5vuysaaikhe3a68ojnn"}, {"food": "whole milk ricotta cheese", "quantity": 0.3333333333333333, "measure": "cup", "foodId": "food_ahhgiwga1i8qo9bcvoa6wbi3xybg"}, {"food": "cheese", "quantity": 4.0, "measure": "ounce", "foodId": "food_bhppgmha1u27voagb8eptbp9g376"}, {"food": "spinach", "quantity": 0.25, "measure": "cup", "foodId": "food_aoceuc6bshdej1bbsdammbnj6l6o"}, {"food": "ground pepper", "quantity": 0.0, "measure": null, "foodId": "food_b6ywzluaaxv02wad7s1r9ag4py89"}]}, "Grilled BLT Pizza recipes": {"url": "http://www.foodrepublic.com/recipes/grilled-blt-pizza-recipe/", "healthLabels": ["Egg-Free", "Peanut-Free", "Tree-Nut-Free", "Soy-Free", "Fish-Free", "Shellfish-Free", "Crustacean-Free", "Celery-Free", "Mustard-Free", "Sesame-Free", "Lupine-Free", "Mollusk-Free", "Alcohol-Free"], "calories": 2676, "totalTime": 25.0, "cuisineType": "italian", "imageName": "168.jpg", "ingredients": [{"food": "pizza dough", "quantity": 1.0, "measure": "<unit>", "foodId": "food_bq98fb1beuvdwxax58q1cayt7w6k"}, {"food": "pizza", "quantity": 1.0, "measure": "<unit>", "foodId": "food_at830s9amds32fb8w6ufmaopzk8n"}, {"food": "mozzarella", "quantity": 4.0, "measure": "ounce", "foodId": "food_am27cpgbcz7639bm3uvx0ai1xhrs"}, {"food": "bacon", "quantity": 4.0, "measure": "slice", "foodId": "food_av0awb0bgs18qub01sd9kbx44b61"}, {"food": "heirloom tomato", "quantity": 1.0, "measure": "<unit>", "foodId": "food_a6k79rrahp8fe2b26zussa3wtkqh"}, {"food": "red leaf lettuce", "quantity": 2.0, "measure": "leaf", "foodId": "food_ayez7zcapafdy3a4ammmfasxvw6k"}]}, "Pizza 6: Pan-fried Hawaiian Pizza": {"url": "https://www.epicurious.com/recipes/food/views/pizza-6-pan-fried-hawaiian-pizza-51114420", "healthLabels": ["Egg-Free", "Peanut-Free", "Tree-Nut-Free", "Soy-Free", "Fish-Free", "Shellfish-Free", "Crustacean-Free", "Celery-Free", "Mustard-Free", "Sesame-Free", "Lupine-Free", "Mollusk-Free", "Alcohol-Free", "Sulfite-Free"], "calories": 3157, "totalTime": 0.0, "cuisineType": "italian", "imageName": "169.jpg", "ingredients": [{"food": "olive oil", "quantity": 0.0, "measure": null, "foodId": "food_b1d1icuad3iktrbqby0hiagafaz7"}, {"food": "ham", "quantity": 4.0, "measure": "ounce", "foodId": "food_bd97wcfb5tcjnybmibiyeaqrernd"}, {"food": "pizza dough", "quantity": 8.0, "measure": "ounce", "foodId": "food_bq98fb1beuvdwxax58q1cayt7w6k"}, {"food": "pizza sauce", "quantity": 1.0, "measure": "cup", "foodId": "food_b5h34pna67md3obisw30sbi0r0v0"}, {"food": "mozzarella", "quantity": 8.0, "measure": "ounce", "foodId": "food_am27cpgbcz7639bm3uvx0ai1xhrs"}, {"food": "pineapple", "quantity": 1.5, "measure": "cup", "foodId": "food_b5maw38amr54vpat8d5vhbgmqfxn"}, {"food": "fresh basil", "quantity": 4.5, "measure": "leaf", "foodId": "food_bfeht3obd58c3gak5ehpibxgbbs6"}]}, "Chorizo, caper & rocket pizza": {"url": "http://www.bbcgoodfood.com/recipes/1506638/chorizo-caper-and-rocket-pizza", "healthLabels": ["Sugar-Conscious", "Dairy-Free", "Egg-Free", "Peanut-Free", "Tree-Nut-Free", "Soy-Free", "Fish-Free", "Shellfish-Free", "Crustacean-Free", "Celery-Free", "Mustard-Free", "Sesame-Free", "Lupine-Free", "Mollusk-Free", "Alcohol-Free", "Sulfite-Free"], "calories": 1247, "totalTime": 25.0, "cuisineType": "italian", "imageName": "170.jpg", "ingredients": [{"food": "pizza base", "quantity": 1.0, "measure": "<unit>", "foodId": "food_bq98fb1beuvdwxax58q1cayt7w6k"}, {"food": "pizza sauce", "quantity": 3.0, "measure": "tablespoon", "foodId": "food_b5h34pna67md3obisw30sbi0r0v0"}, {"food": "chorizo", "quantity": 2.0, "measure": "<unit>", "foodId": "food_a011ctbbqlxv1ebqtemvla9v6mpa"}, {"food": "capers", "quantity": 1.0, "measure": "tablespoon", "foodId": "food_ak4s9lna3rmnfeaz93ni0blu823w"}, {"food": "cherry tomatoes", "quantity": 1.0, "measure": "handful", "foodId": "food_a30b0hpbvavginafe0tocbf6ymje"}, {"food": "rocket", "quantity": 1.0, "measure": "handful", "foodId": "food_a8z1kzrawhksuzav2g1irb6zf4zc"}, {"food": "olive oil", "quantity": 0.0, "measure": null, "foodId": "food_b1d1icuad3iktrbqby0hiagafaz7"}]}, "Resuscitated Pizza": {"url": "http://www.sippitysup.com/recipe/resuscitated-pizza/", "healthLabels": ["Sugar-Conscious", "Low Potassium", "Kidney-Friendly", "Peanut-Free", "Tree-Nut-Free", "Soy-Free", "Fish-Free", "Shellfish-Free", "Crustacean-Free", "Celery-Free", "Mustard-Free", "Sesame-Free", "Lupine-Free", "Mollusk-Free", "Alcohol-Free"], "calories": 800, "totalTime": 0.0, "cuisineType": "italian", "imageName": "171.jpg", "ingredients": [{"food": "gruy\u00e8re cheese", "quantity": 1.0, "measure": "handful", "foodId": "food_al44s0sajaffq4afc73dlayimtt9"}, {"food": "pizza", "quantity": 1.0, "measure": "slice", "foodId": "food_at830s9amds32fb8w6ufmaopzk8n"}, {"food": "bacon", "quantity": 2.0, "measure": "slice", "foodId": "food_av0awb0bgs18qub01sd9kbx44b61"}, {"food": "egg", "quantity": 1.0, "measure": "<unit>", "foodId": "food_bhpradua77pk16aipcvzeayg732r"}]}, "Bunny Pizza": {"url": "http://www.eatingwell.com/recipe/270289/bunny-pizza/", "healthLabels": ["Vegetarian", "Pescatarian", "Egg-Free", "Peanut-Free", "Tree-Nut-Free", "Soy-Free", "Fish-Free", "Shellfish-Free", "Pork-Free", "Red-Meat-Free", "Crustacean-Free", "Celery-Free", "Mustard-Free", "Sesame-Free", "Lupine-Free", "Mollusk-Free", "Alcohol-Free", "Sulfite-Free", "Kosher"], "calories": 2566, "totalTime": 40.0, "cuisineType": "italian", "imageName": "172.jpg", "ingredients": [{"food": "cornmeal", "quantity": 0.0, "measure": null, "foodId": "food_ab7g9h2al2pjhuakcpeqnag2jn76"}, {"food": "whole-wheat pizza dough", "quantity": 1.0, "measure": "pound", "foodId": "food_bq98fb1beuvdwxax58q1cayt7w6k"}, {"food": "pizza sauce", "quantity": 0.5, "measure": "cup", "foodId": "food_b5h34pna67md3obisw30sbi0r0v0"}, {"food": "mozzarella cheese", "quantity": 1.5, "measure": "cup", "foodId": "food_acjhpy7bkl7a9qboztipaa2i9e4m"}, {"food": "kalamata olives", "quantity": 2.0, "measure": "<unit>", "foodId": "food_atlv2r9b29ejzeb1o3wgkaxqajcb"}, {"food": "cherry tomatoes", "quantity": 4.0, "measure": "<unit>", "foodId": "food_a30b0hpbvavginafe0tocbf6ymje"}, {"food": "shiitake mushroom", "quantity": 1.0, "measure": "<unit>", "foodId": "food_aq85j07b3arnn3bjy9gribye1mpm"}, {"food": "green bell pepper", "quantity": 6.0, "measure": "strip", "foodId": "food_bz8rcwobbzm7zhb3wh2n7aznivou"}]}, "Ground Chicken Pizza": {"url": "http://www.cookstr.com/recipes/ground-chicken-pizza", "healthLabels": ["Egg-Free", "Peanut-Free", "Tree-Nut-Free", "Soy-Free", "Fish-Free", "Shellfish-Free", "Pork-Free", "Red-Meat-Free", "Crustacean-Free", "Celery-Free", "Mustard-Free", "Sesame-Free", "Lupine-Free", "Mollusk-Free", "Alcohol-Free", "Sulfite-Free"], "calories": 2849, "totalTime": 60.0, "cuisineType": "italian", "imageName": "173.jpg", "ingredients": [{"food": "olive oil", "quantity": 25.0, "measure": "milliliter", "foodId": "food_b1d1icuad3iktrbqby0hiagafaz7"}, {"food": "ground chicken", "quantity": 12.0, "measure": "ounce", "foodId": "food_b4430z5avkliqsbzns6gpbhdn07c"}, {"food": "mushrooms", "quantity": 8.0, "measure": "ounce", "foodId": "food_bvlose6arfl26ra396sjrb7hetqh"}, {"food": "green pepper", "quantity": 0.5, "measure": "<unit>", "foodId": "food_bz8rcwobbzm7zhb3wh2n7aznivou"}, {"food": "pizza crust", "quantity": 1.0, "measure": "<unit>", "foodId": "food_azb56ncbtxj17db5qbyp4av2zy8k"}, {"food": "provolone cheese", "quantity": 8.0, "measure": "ounce", "foodId": "food_agjkow4bqoxru5brleiuia6ggm9g"}, {"food": "seasoning", "quantity": 5.0, "measure": "milliliter", "foodId": "food_aj7w3xab0epj7cbgkbkpwadysovd"}, {"food": "pizza sauce", "quantity": 1.0, "measure": "can", "foodId": "food_b5h34pna67md3obisw30sbi0r0v0"}]}}}