{"pork": {"Pandan Wrapped Roast Pork": {"url": "http://norecipes.com/blog/2009/02/23/pandan-wrapped-roast-pork/", "healthLabels": ["Sugar-Conscious", "Low Sugar", "Keto-Friendly", "Paleo", "Dairy-Free", "Gluten-Free", "Wheat-Free", "Egg-Free", "Peanut-Free", "Tree-Nut-Free", "Soy-Free", "Fish-Free", "Shellfish-Free", "Crustacean-Free", "Celery-Free", "Mustard-Free", "Sesame-Free", "Lupine-Free", "Mollusk-Free", "Alcohol-Free", "No oil added", "Sulfite-Free", "FODMAP-Free"], "calories": 3618, "totalTime": 0.0, "cuisineType": "american", "imageName": "51.jpg", "ingredients": [{"food": "pandan", "quantity": 14.0, "measure": "<unit>", "foodId": "food_asx39x4ayja4jab6ivj6zayvkblo"}, {"food": "pork", "quantity": 4.0, "measure": "pound", "foodId": "food_aisetlvawqaqp8a2uc28uaf46l5m"}, {"food": "sea salt", "quantity": 0.0, "measure": null, "foodId": "food_a1vgrj1bs8rd1majvmd9ubz8ttkg"}]}, "Pork Quesadillas": {"url": "http://www.marthastewart.com/862754/pork-quesadillas", "healthLabels": ["Sugar-Conscious", "Egg-Free", "Peanut-Free", "Tree-Nut-Free", "Soy-Free", "Fish-Free", "Shellfish-Free", "Crustacean-Free", "Celery-Free", "Mustard-Free", "Sesame-Free", "Lupine-Free", "Mollusk-Free", "Alcohol-Free", "Sulfite-Free"], "calories": 2236, "totalTime": 93.0, "cuisineType": "mexican", "imageName": "52.jpg", "ingredients": [{"food": "pork chops", "quantity": 1.0, "measure": "<unit>", "foodId": "food_a6yuw2wan806yxaem8uqza91rjmb"}, {"food": "jalapenos", "quantity": 1.0, "measure": "tablespoon", "foodId": "food_b7txsnbadj6plsbq27zvwah80r6y"}, {"food": "flour tortillas", "quantity": 4.0, "measure": "<unit>", "foodId": "food_a9ql6pdb639bs5b2nlvbob3w0mlj"}, {"food": "monterey jack", "quantity": 1.0, "measure": "cup", "foodId": "food_atp17pta7d5it2a80ct13ard6aj3"}]}, "Pork Sorpotel (Goan Pork Offal Stew) Recipe": {"url": "http://www.seriouseats.com/recipes/2014/01/pork-sorpotel-recipe.html", "healthLabels": ["Dairy-Free", "Gluten-Free", "Wheat-Free", "Egg-Free", "Peanut-Free", "Tree-Nut-Free", "Soy-Free", "Fish-Free", "Shellfish-Free", "Crustacean-Free", "Celery-Free", "Mustard-Free", "Sesame-Free", "Lupine-Free", "Mollusk-Free", "Alcohol-Free", "Sulfite-Free"], "calories": 2797, "totalTime": 90.0, "cuisineType": "american", "imageName": "53.jpg", "ingredients": [{"food": "pork shoulder", "quantity": 1.0, "measure": "pound", "foodId": "food_a299wq8bece4vtb3ku5edb5gnjhc"}, {"food": "pork liver", "quantity": 1.0, "measure": "pound", "foodId": "food_atq9bqybz0f9mrb2kq0mnaqp8fug"}, {"food": "pork", "quantity": 0.5, "measure": "pound", "foodId": "food_aisetlvawqaqp8a2uc28uaf46l5m"}, {"food": "turmeric", "quantity": 1.0, "measure": "teaspoon", "foodId": "food_bc3ig84amucgmwba3vixyatnyd9b"}, {"food": "kosher salt", "quantity": 0.0, "measure": null, "foodId": "food_a1vgrj1bs8rd1majvmd9ubz8ttkg"}, {"food": "vegetable oil", "quantity": 2.0, "measure": "tablespoon", "foodId": "food_bt1mzi2ah2sfg8bv7no1qai83w8s"}, {"food": "garlic", "quantity": 10.0, "measure": "clove", "foodId": "food_avtcmx6bgjv1jvay6s6stan8dnyp"}, {"food": "piece ginger", "quantity": 1.0, "measure": "inch", "foodId": "food_bi2ki2xb5zmmvbaiwf7ztbgktzp6"}, {"food": "green chilies", "quantity": 4.0, "measure": "<unit>", "foodId": "food_bv2gevdbd1orbiarnp1vfaez1r85"}, {"food": "bay leaves", "quantity": 2.0, "measure": "<unit>", "foodId": "food_asx39x4ayja4jab6ivj6zayvkblo"}, {"food": "peppercorns", "quantity": 10.0, "measure": "<unit>", "foodId": "food_b6ywzluaaxv02wad7s1r9ag4py89"}, {"food": "red chilies", "quantity": 10.0, "measure": "<unit>", "foodId": "food_a6g98mqatzj7vca6ms3bnbzqxf3s"}, {"food": "cinnamon", "quantity": 1.0, "measure": "piece", "foodId": "food_atjxtznauw5zabaixm24xa787onz"}, {"food": "cloves", "quantity": 3.0, "measure": "<unit>", "foodId": "food_abb00nxbw761ggavcuto7b3mw1s0"}, {"food": "cumin seeds", "quantity": 1.0, "measure": "teaspoon", "foodId": "food_a8jjbx4biqndasapojdb5by3e92e"}, {"food": "vinegar", "quantity": 0.25, "measure": "cup", "foodId": "food_am3vwadag9arxtadrwyfcau2w3b2"}]}, "Rarebit Pork Chops": {"url": "http://www.bbcgoodfood.com/recipes/2215/", "healthLabels": ["Sugar-Conscious", "Keto-Friendly", "Gluten-Free", "Wheat-Free", "Egg-Free", "Peanut-Free", "Tree-Nut-Free", "Soy-Free", "Fish-Free", "Shellfish-Free", "Crustacean-Free", "Celery-Free", "Sesame-Free", "Lupine-Free", "Mollusk-Free", "Alcohol-Free", "No oil added", "Sulfite-Free"], "calories": 1571, "totalTime": 0.0, "cuisineType": "american", "imageName": "54.jpg", "ingredients": [{"food": "pork chops", "quantity": 4.0, "measure": "<unit>", "foodId": "food_a6yuw2wan806yxaem8uqza91rjmb"}, {"food": "cheddar", "quantity": 50.0, "measure": "gram", "foodId": "food_bhppgmha1u27voagb8eptbp9g376"}, {"food": "mustard", "quantity": 2.0, "measure": "teaspoon", "foodId": "food_a34cdj5b0kyuhfbov30xcb50u4dv"}, {"food": "cr\u00e8me fra\u00eeche", "quantity": 1.0, "measure": "teaspoon", "foodId": "food_ayjzu0oak0shbnaeroxs8b6t9uyy"}]}, "Barbecued Pork": {"url": "http://www.cookstr.com/recipes/barbecued-pork-nina-simonds", "healthLabels": ["Dairy-Free", "Egg-Free", "Peanut-Free", "Tree-Nut-Free", "Fish-Free", "Shellfish-Free", "Crustacean-Free", "Celery-Free", "Mustard-Free", "Sesame-Free", "Lupine-Free", "Mollusk-Free", "Alcohol-Free", "No oil added"], "calories": 1684, "totalTime": 60.0, "cuisineType": "mediterranean", "imageName": "55.jpg", "ingredients": [{"food": "pork loin", "quantity": 1.5, "measure": "pound", "foodId": "food_aisetlvawqaqp8a2uc28uaf46l5m"}, {"food": "hoisin sauce", "quantity": 0.5, "measure": "cup", "foodId": "food_a50yq9jao6jvt5a4oxygsbmfbeuy"}, {"food": "soy sauce", "quantity": 2.0, "measure": "tablespoon", "foodId": "food_a5g9yevb1iactoaiimbvjbkrxueh"}, {"food": "ketchup", "quantity": 1.5, "measure": "tablespoon", "foodId": "food_au7jthtab0n3era9uue8pauakroe"}, {"food": "garlic", "quantity": 1.0, "measure": "tablespoon", "foodId": "food_avtcmx6bgjv1jvay6s6stan8dnyp"}, {"food": "water", "quantity": 3.0, "measure": "tablespoon", "foodId": "food_a99vzubbk1ayrsad318rvbzr3dh0"}]}, "Pork Chops": {"url": "http://simplyrecipes.com/recipes/pork_chops/", "healthLabels": ["Dairy-Free", "Gluten-Free", "Wheat-Free", "Egg-Free", "Peanut-Free", "Tree-Nut-Free", "Soy-Free", "Fish-Free", "Shellfish-Free", "Crustacean-Free", "Celery-Free", "Sesame-Free", "Lupine-Free", "Mollusk-Free", "Alcohol-Free", "No oil added"], "calories": 1837, "totalTime": 0.0, "cuisineType": "american", "imageName": "56.jpg", "ingredients": [{"food": "pork chops", "quantity": 4.0, "measure": "<unit>", "foodId": "food_a6yuw2wan806yxaem8uqza91rjmb"}, {"food": "salt", "quantity": 0.0, "measure": null, "foodId": "food_btxz81db72hwbra2pncvebzzzum9"}, {"food": "pepper", "quantity": 0.0, "measure": null, "foodId": "food_b6ywzluaaxv02wad7s1r9ag4py89"}, {"food": "jelly", "quantity": 0.5, "measure": "cup", "foodId": "food_bzsx4atbph30cebveok2ebmgwrq8"}, {"food": "dijon mustard", "quantity": 2.0, "measure": "tablespoon", "foodId": "food_a34cdj5b0kyuhfbov30xcb50u4dv"}, {"food": "cider vinegar", "quantity": 0.25, "measure": "cup", "foodId": "food_ar8m7esapmfvf8bnhfzdlabndh6v"}]}, "Pork rillons": {"url": "http://www.jamieoliver.com/recipes/pork-recipes/pork-rillons/", "healthLabels": ["Sugar-Conscious", "Kidney-Friendly", "Keto-Friendly", "Paleo", "Dairy-Free", "Gluten-Free", "Wheat-Free", "Egg-Free", "Peanut-Free", "Tree-Nut-Free", "Soy-Free", "Fish-Free", "Shellfish-Free", "Crustacean-Free", "Celery-Free", "Mustard-Free", "Sesame-Free", "Lupine-Free", "Mollusk-Free"], "calories": 7673, "totalTime": 115.0, "cuisineType": "american", "imageName": "57.jpg", "ingredients": [{"food": "pork belly", "quantity": 1.0, "measure": "kilogram", "foodId": "food_apsk2crak8lyaebtrwv35afch7y8"}, {"food": "lard", "quantity": 250.0, "measure": "gram", "foodId": "food_bq8ww91a79r6zrbzro0naaor0fa3"}, {"food": "dry white wine", "quantity": 250.0, "measure": "milliliter", "foodId": "food_a656mk2a5dmqb2adiamu6beihduu"}, {"food": "bay leaves", "quantity": 3.0, "measure": "<unit>", "foodId": "food_asx39x4ayja4jab6ivj6zayvkblo"}, {"food": "thyme", "quantity": 1.0, "measure": "sprig", "foodId": "food_b3o3cj7a5gskecb0ufphtadnbfqb"}, {"food": "black peppercorns", "quantity": 10.0, "measure": "<unit>", "foodId": "food_b6ywzluaaxv02wad7s1r9ag4py89"}, {"food": "garlic", "quantity": 4.0, "measure": "clove", "foodId": "food_avtcmx6bgjv1jvay6s6stan8dnyp"}]}, "Pork Lomitos": {"url": "https://www.rickbayless.com/recipe/pork-lomitos/", "healthLabels": ["Dairy-Free", "Gluten-Free", "Wheat-Free", "Egg-Free", "Peanut-Free", "Tree-Nut-Free", "Soy-Free", "Fish-Free", "Shellfish-Free", "Crustacean-Free", "Celery-Free", "Mustard-Free", "Sesame-Free", "Lupine-Free", "Mollusk-Free", "Alcohol-Free", "Sulfite-Free"], "calories": 2706, "totalTime": 0.0, "cuisineType": "mexican", "imageName": "58.jpg", "ingredients": [{"food": "pork shoulder", "quantity": 2.0, "measure": "pound", "foodId": "food_a299wq8bece4vtb3ku5edb5gnjhc"}, {"food": "salt", "quantity": 0.0, "measure": null, "foodId": "food_btxz81db72hwbra2pncvebzzzum9"}, {"food": "vegetable oil", "quantity": 2.0, "measure": "tablespoon", "foodId": "food_bt1mzi2ah2sfg8bv7no1qai83w8s"}, {"food": "white onion", "quantity": 1.0, "measure": "<unit>", "foodId": "food_bmrvi4ob4binw9a5m7l07amlfcoy"}, {"food": "garlic", "quantity": 5.0, "measure": "clove", "foodId": "food_avtcmx6bgjv1jvay6s6stan8dnyp"}, {"food": "diced tomatoes", "quantity": 28.0, "measure": "ounce", "foodId": "food_bnmkkwqa9h2p87bz171eoby0bsey"}, {"food": "chiles", "quantity": 4.0, "measure": "<unit>", "foodId": "food_a6g98mqatzj7vca6ms3bnbzqxf3s"}, {"food": "epazote", "quantity": 1.0, "measure": "sprig", "foodId": "food_byprvzka485mvyb7etqnqa8vhgg3"}, {"food": "corn tortillas", "quantity": 1.0, "measure": "serving", "foodId": "food_bhw0b95agm97s0abfignnb8fsvb3"}, {"food": "red onions", "quantity": 0.0, "measure": null, "foodId": "food_bmrvi4ob4binw9a5m7l07amlfcoy"}]}, "Oktoberfest Pork Shank recipes": {"url": "http://www.foodrepublic.com/recipes/oktoberfest-pork-shank-recipe/", "healthLabels": ["Sugar-Conscious", "Keto-Friendly", "Paleo", "Dairy-Free", "Gluten-Free", "Wheat-Free", "Egg-Free", "Peanut-Free", "Tree-Nut-Free", "Soy-Free", "Fish-Free", "Shellfish-Free", "Crustacean-Free", "Celery-Free", "Mustard-Free", "Sesame-Free", "Lupine-Free", "Mollusk-Free", "Alcohol-Free", "No oil added", "Sulfite-Free"], "calories": 2325, "totalTime": 190.0, "cuisineType": "american", "imageName": "59.jpg", "ingredients": [{"food": "pork", "quantity": 2.5, "measure": "pound", "foodId": "food_aisetlvawqaqp8a2uc28uaf46l5m"}, {"food": "caraway seeds", "quantity": 2.0, "measure": "tablespoon", "foodId": "food_ajud355b4ylptkamibaw8asro711"}, {"food": "garlic", "quantity": 6.0, "measure": "clove", "foodId": "food_avtcmx6bgjv1jvay6s6stan8dnyp"}, {"food": "salt", "quantity": 0.0, "measure": null, "foodId": "food_btxz81db72hwbra2pncvebzzzum9"}, {"food": "pepper", "quantity": 0.0, "measure": null, "foodId": "food_b6ywzluaaxv02wad7s1r9ag4py89"}]}, "Double-Pork Carnitas": {"url": "https://www.epicurious.com/recipes/food/views/pork-carnitas-tacos", "healthLabels": ["Dairy-Free", "Gluten-Free", "Wheat-Free", "Egg-Free", "Peanut-Free", "Tree-Nut-Free", "Soy-Free", "Fish-Free", "Shellfish-Free", "Crustacean-Free", "Celery-Free", "Mustard-Free", "Sesame-Free", "Lupine-Free", "Mollusk-Free", "Alcohol-Free", "Sulfite-Free"], "calories": 5653, "totalTime": 0.0, "cuisineType": "mexican", "imageName": "60.jpg", "ingredients": [{"food": "pork shoulder", "quantity": 3.0, "measure": "pound", "foodId": "food_a299wq8bece4vtb3ku5edb5gnjhc"}, {"food": "pork belly", "quantity": 1.0, "measure": "pound", "foodId": "food_apsk2crak8lyaebtrwv35afch7y8"}, {"food": "chicken stock", "quantity": 1.0, "measure": "cup", "foodId": "food_bptblvzambd16nbhewqmhaw1rnh5"}, {"food": "kosher salt", "quantity": 1.0, "measure": "tablespoon", "foodId": "food_a1vgrj1bs8rd1majvmd9ubz8ttkg"}, {"food": "black pepper", "quantity": 1.0, "measure": "teaspoon", "foodId": "food_b6ywzluaaxv02wad7s1r9ag4py89"}, {"food": "corn tortillas", "quantity": 0.0, "measure": null, "foodId": "food_bhw0b95agm97s0abfignnb8fsvb3"}, {"food": "white onion", "quantity": 0.0, "measure": null, "foodId": "food_bmrvi4ob4binw9a5m7l07amlfcoy"}, {"food": "lime", "quantity": 0.0, "measure": null, "foodId": "food_av58muyb8kg92fbk0g8g8aui5knv"}, {"food": "avocado", "quantity": 0.0, "measure": null, "foodId": "food_b0yuze4b1g3afpanijno5abtiu28"}, {"food": "dried oregano", "quantity": 0.0, "measure": null, "foodId": "food_bkkw6v3bdf0sqiazmzyuiax7i8jr"}, {"food": "cilantro", "quantity": 0.0, "measure": null, "foodId": "food_alhzhuwb4lc7jnb5s6f02by60bzp"}, {"food": "cabbage", "quantity": 0.0, "measure": null, "foodId": "food_afb4o8kb767k0iapchxupaifxk1z"}]}}}