{"rice": {"Essentials: Rice": {"url": "http://www.seriouseats.com/recipes/2008/04/essentials-how-to-cook-rice.html", "healthLabels": ["Sugar-Conscious", "Low Sugar", "Low Potassium", "Kidney-Friendly", "Vegan", "Vegetarian", "Pescatarian", "Mediterranean", "Dairy-Free", "Gluten-Free", "Wheat-Free", "Egg-Free", "Peanut-Free", "Tree-Nut-Free", "Soy-Free", "Fish-Free", "Shellfish-Free", "Pork-Free", "Red-Meat-Free", "Crustacean-Free", "Celery-Free", "Mustard-Free", "Sesame-Free", "Lupine-Free", "Mollusk-Free", "Alcohol-Free", "Sulfite-Free", "FODMAP-Free", "Kosher"], "calories": 775, "totalTime": 0.0, "cuisineType": "chinese", "imageName": "61.jpg", "ingredients": [{"food": "rice", "quantity": 1.0, "measure": "cup", "foodId": "food_bpumdjzb5rtqaeabb0kbgbcgr4t9"}, {"food": "water", "quantity": 1.75, "measure": "cup", "foodId": "food_a99vzubbk1ayrsad318rvbzr3dh0"}, {"food": "salt", "quantity": 1.0, "measure": "pinch", "foodId": "food_btxz81db72hwbra2pncvebzzzum9"}, {"food": "olive oil", "quantity": 0.0, "measure": null, "foodId": "food_b1d1icuad3iktrbqby0hiagafaz7"}]}, "Rice Cereal Bars": {"url": "http://notwithoutsalt.com/pieces-of-heaven-mixed-with-cereal/", "healthLabels": ["Low Potassium", "Kidney-Friendly", "Gluten-Free", "Wheat-Free", "Egg-Free", "Peanut-Free", "Tree-Nut-Free", "Soy-Free", "Fish-Free", "Shellfish-Free", "Pork-Free", "Red-Meat-Free", "Crustacean-Free", "Celery-Free", "Mustard-Free", "Sesame-Free", "Lupine-Free", "Mollusk-Free", "Alcohol-Free"], "calories": 1646, "totalTime": 0.0, "cuisineType": "american", "imageName": "62.jpg", "ingredients": [{"food": "butter", "quantity": 4.0, "measure": "tablespoon", "foodId": "food_awz3iefajbk1fwahq9logahmgltj"}, {"food": "marshmallows", "quantity": 10.0, "measure": "ounce", "foodId": "food_bkif6umbr6xns2ac1pl7vaxypd3f"}, {"food": "rice cereal", "quantity": 6.0, "measure": "cup", "foodId": "food_a3nj4wfbuuwf7ba7723gvahpaboc"}, {"food": "salt", "quantity": 0.25, "measure": "teaspoon", "foodId": "food_btxz81db72hwbra2pncvebzzzum9"}]}, "Perfect Sushi Rice": {"url": "http://thepioneerwoman.com/cooking/2009/01/perfect-sushi-rice/", "healthLabels": ["Low Potassium", "Kidney-Friendly", "Vegan", "Vegetarian", "Pescatarian", "Dairy-Free", "Gluten-Free", "Wheat-Free", "Egg-Free", "Peanut-Free", "Tree-Nut-Free", "Soy-Free", "Fish-Free", "Shellfish-Free", "Pork-Free", "Red-Meat-Free", "Crustacean-Free", "Celery-Free", "Mustard-Free", "Sesame-Free", "Lupine-Free", "Mollusk-Free", "No oil added", "Kosher"], "calories": 510, "totalTime": 0.0, "cuisineType": "japanese", "imageName": "63.jpg", "ingredients": [{"food": "rice wine vinegar", "quantity": 1.0, "measure": "cup", "foodId": "food_axlcd4tack2d20bveizm4ayu0h2w"}, {"food": "sugar", "quantity": 0.5, "measure": "cup", "foodId": "food_axi2ijobrk819yb0adceobnhm1c2"}, {"food": "sake", "quantity": 0.25, "measure": "cup", "foodId": "food_b4lx3glaxob844b6jpzb8ay9men8"}, {"food": "rice", "quantity": 4.0, "measure": "grain", "foodId": "food_bpumdjzb5rtqaeabb0kbgbcgr4t9"}]}, "Rice-Milk Rice Pudding": {"url": "https://food52.com/recipes/82298-dairy-free-rice-pudding-recipe", "healthLabels": ["Low Potassium", "Kidney-Friendly", "Vegan", "Vegetarian", "Pescatarian", "Dairy-Free", "Gluten-Free", "Wheat-Free", "Egg-Free", "Peanut-Free", "Tree-Nut-Free", "Soy-Free", "Fish-Free", "Shellfish-Free", "Pork-Free", "Red-Meat-Free", "Crustacean-Free", "Celery-Free", "Mustard-Free", "Sesame-Free", "Lupine-Free", "Mollusk-Free", "Alcohol-Free", "No oil added", "FODMAP-Free", "Kosher"], "calories": 997, "totalTime": 230.0, "cuisineType": "british", "imageName": "64.jpg", "ingredients": [{"food": "brown rice", "quantity": 0.6666666666666666, "measure": "cup", "foodId": "food_aro09r9avsklizbsberuoaegj0uh"}, {"food": "water", "quantity": 1.5, "measure": "cup", "foodId": "food_a99vzubbk1ayrsad318rvbzr3dh0"}, {"food": "light brown sugar", "quantity": 0.6666666666666666, "measure": "cup", "foodId": "food_aodgtqwbmeu5f6bxeffn0art3bga"}, {"food": "salt", "quantity": 1.0, "measure": "pinch", "foodId": "food_btxz81db72hwbra2pncvebzzzum9"}]}, "Cooked Basmati Rice": {"url": "http://www.marthastewart.com/315782/cooked-basmati-rice", "healthLabels": ["Sugar-Conscious", "Low Potassium", "Kidney-Friendly", "Vegan", "Vegetarian", "Pescatarian", "Mediterranean", "DASH", "Dairy-Free", "Gluten-Free", "Wheat-Free", "Egg-Free", "Peanut-Free", "Tree-Nut-Free", "Soy-Free", "Fish-Free", "Shellfish-Free", "Pork-Free", "Red-Meat-Free", "Crustacean-Free", "Celery-Free", "Mustard-Free", "Sesame-Free", "Lupine-Free", "Mollusk-Free", "Alcohol-Free", "No oil added", "Sulfite-Free", "FODMAP-Free", "Kosher"], "calories": 675, "totalTime": 115.0, "cuisineType": "chinese", "imageName": "65.jpg", "ingredients": [{"food": "basmati rice", "quantity": 1.0, "measure": "cup", "foodId": "food_a3g7g0kb4xvknbbdl91t8a19a6ci"}, {"food": "salt", "quantity": 0.25, "measure": "teaspoon", "foodId": "food_btxz81db72hwbra2pncvebzzzum9"}]}, "Rainbow rice": {"url": "https://www.bbcgoodfood.com/recipes/rainbow-rice", "healthLabels": ["Vegan", "Vegetarian", "Pescatarian", "Mediterranean", "Dairy-Free", "Gluten-Free", "Wheat-Free", "Egg-Free", "Peanut-Free", "Tree-Nut-Free", "Soy-Free", "Fish-Free", "Shellfish-Free", "Pork-Free", "Red-Meat-Free", "Crustacean-Free", "Celery-Free", "Mustard-Free", "Sesame-Free", "Lupine-Free", "Mollusk-Free", "Alcohol-Free", "Kosher"], "calories": 900, "totalTime": 30.0, "cuisineType": "american", "imageName": "66.jpg", "ingredients": [{"food": "basmati rice", "quantity": 100.0, "measure": "gram", "foodId": "food_a3g7g0kb4xvknbbdl91t8a19a6ci"}, {"food": "red pepper", "quantity": 1.0, "measure": "<unit>", "foodId": "food_a8g63g7ak6bnmvbu7agxibp4a0dy"}, {"food": "cucumber", "quantity": 0.5, "measure": "<unit>", "foodId": "food_bv7aggjag9rxsaatklqzobca5fzn"}, {"food": "carrot", "quantity": 1.0, "measure": "<unit>", "foodId": "food_ai215e5b85pdh5ajd4aafa3w2zm8"}, {"food": "dried apricots", "quantity": 6.0, "measure": "<unit>", "foodId": "food_birl02fapy1ae8aywe9qmbsew3d1"}, {"food": "pumpkin seed", "quantity": 2.0, "measure": "tablespoon", "foodId": "food_b1o86grabpts6ta6igfy4a2b1x22"}, {"food": "olive oil", "quantity": 2.0, "measure": "tablespoon", "foodId": "food_b1d1icuad3iktrbqby0hiagafaz7"}, {"food": "orange", "quantity": 0.5, "measure": "<unit>", "foodId": "food_b0bnl8oayiqhs2at63ifxbm6i3o3"}]}, "Yellow Rice": {"url": "https://www.epicurious.com/recipes/food/views/yellow-rice-232707", "healthLabels": ["Sugar-Conscious", "Dairy-Free", "Gluten-Free", "Wheat-Free", "Egg-Free", "Peanut-Free", "Tree-Nut-Free", "Soy-Free", "Fish-Free", "Shellfish-Free", "Pork-Free", "Red-Meat-Free", "Crustacean-Free", "Celery-Free", "Mustard-Free", "Sesame-Free", "Lupine-Free", "Mollusk-Free", "Alcohol-Free", "Sulfite-Free", "Kosher"], "calories": 1205, "totalTime": 0.0, "cuisineType": "chinese", "imageName": "67.jpg", "ingredients": [{"food": "vegetable oil", "quantity": 2.0, "measure": "teaspoon", "foodId": "food_bt1mzi2ah2sfg8bv7no1qai83w8s"}, {"food": "shallot", "quantity": 2.0, "measure": "tablespoon", "foodId": "food_bu2ver7a5f52dfap8q9f0bn085qb"}, {"food": "garlic", "quantity": 1.0, "measure": "clove", "foodId": "food_avtcmx6bgjv1jvay6s6stan8dnyp"}, {"food": "jasmine rice", "quantity": 1.5, "measure": "cup", "foodId": "food_a3g7g0kb4xvknbbdl91t8a19a6ci"}, {"food": "low-salt chicken broth", "quantity": 2.25, "measure": "cup", "foodId": "food_axg87lea13vni7a0lc9adauqgcs9"}, {"food": "salt", "quantity": 1.0, "measure": "teaspoon", "foodId": "food_btxz81db72hwbra2pncvebzzzum9"}, {"food": "turmeric", "quantity": 0.5, "measure": "teaspoon", "foodId": "food_bc3ig84amucgmwba3vixyatnyd9b"}]}, "Basic Sushi Rice Recipe": {"url": "http://www.foodrepublic.com/2011/10/28/basic-sushi-rice-recipe", "healthLabels": ["Low Potassium", "Kidney-Friendly", "Vegan", "Vegetarian", "Pescatarian", "Dairy-Free", "Gluten-Free", "Wheat-Free", "Egg-Free", "Peanut-Free", "Tree-Nut-Free", "Soy-Free", "Fish-Free", "Shellfish-Free", "Pork-Free", "Red-Meat-Free", "Crustacean-Free", "Celery-Free", "Mustard-Free", "Sesame-Free", "Lupine-Free", "Mollusk-Free", "Alcohol-Free", "No oil added", "FODMAP-Free", "Kosher"], "calories": 2265, "totalTime": 0.0, "cuisineType": "japanese", "imageName": "68.jpg", "ingredients": [{"food": "rice", "quantity": 3.0, "measure": "cup", "foodId": "food_bpumdjzb5rtqaeabb0kbgbcgr4t9"}, {"food": "rice vinegar", "quantity": 0.3333333333333333, "measure": "cup", "foodId": "food_axlcd4tack2d20bveizm4ayu0h2w"}, {"food": "sugar", "quantity": 3.0, "measure": "tablespoon", "foodId": "food_axi2ijobrk819yb0adceobnhm1c2"}, {"food": "salt", "quantity": 1.0, "measure": "teaspoon", "foodId": "food_btxz81db72hwbra2pncvebzzzum9"}]}, "Sweet Cinnamon Rice Pudding": {"url": "http://glutenfreegirl.com/2007/11/gratitude-and-sweet-rice-pudding/", "healthLabels": ["Low Potassium", "Kidney-Friendly", "Vegan", "Vegetarian", "Pescatarian", "Dairy-Free", "Gluten-Free", "Wheat-Free", "Egg-Free", "Peanut-Free", "Tree-Nut-Free", "Soy-Free", "Fish-Free", "Shellfish-Free", "Pork-Free", "Red-Meat-Free", "Crustacean-Free", "Celery-Free", "Mustard-Free", "Sesame-Free", "Lupine-Free", "Mollusk-Free", "Alcohol-Free", "No oil added", "FODMAP-Free", "Kosher"], "calories": 707, "totalTime": 0.0, "cuisineType": "british", "imageName": "69.jpg", "ingredients": [{"food": "rice milk", "quantity": 2.0, "measure": "cup", "foodId": "food_boj55nwae2ocuhbwxnnpdaoddcai"}, {"food": "rice", "quantity": 0.5, "measure": "cup", "foodId": "food_bpumdjzb5rtqaeabb0kbgbcgr4t9"}, {"food": "sugar", "quantity": 8.0, "measure": "teaspoon", "foodId": "food_axi2ijobrk819yb0adceobnhm1c2"}, {"food": "saigon cinnamon", "quantity": 0.125, "measure": "teaspoon", "foodId": "food_atjxtznauw5zabaixm24xa787onz"}]}, "Green Rice": {"url": "http://honestcooking.com/green-rice-recipe/", "healthLabels": ["Sugar-Conscious", "Kidney-Friendly", "Vegan", "Vegetarian", "Pescatarian", "Mediterranean", "Dairy-Free", "Egg-Free", "Peanut-Free", "Tree-Nut-Free", "Fish-Free", "Shellfish-Free", "Pork-Free", "Red-Meat-Free", "Crustacean-Free", "Celery-Free", "Mustard-Free", "Lupine-Free", "Mollusk-Free", "Alcohol-Free", "Kosher"], "calories": 1042, "totalTime": 40.0, "cuisineType": "chinese", "imageName": "70.jpg", "ingredients": [{"food": "brown rice", "quantity": 240.0, "measure": "milliliter", "foodId": "food_aro09r9avsklizbsberuoaegj0uh"}, {"food": "water", "quantity": 1.0, "measure": "liter", "foodId": "food_a99vzubbk1ayrsad318rvbzr3dh0"}, {"food": "parsley", "quantity": 0.5, "measure": "cup", "foodId": "food_b244pqdazw24zobr5vqu2bf0uid8"}, {"food": "sesame seeds", "quantity": 0.25, "measure": "cup", "foodId": "food_bvxfnx8bwz2q3abs04kd6bbuf9w8"}, {"food": "olive oil", "quantity": 1.0, "measure": "tablespoon", "foodId": "food_b1d1icuad3iktrbqby0hiagafaz7"}, {"food": "soy sauce", "quantity": 1.0, "measure": "tablespoon", "foodId": "food_a5g9yevb1iactoaiimbvjbkrxueh"}]}}}