{"salad": {"Steak & Chips Salad": {"url": "http://www.bbcgoodfood.com/recipes/3076/", "healthLabels": ["Dairy-Free", "Gluten-Free", "Wheat-Free", "Egg-Free", "Peanut-Free", "Tree-Nut-Free", "Soy-Free", "Fish-Free", "Shellfish-Free", "Pork-Free", "Crustacean-Free", "Celery-Free", "Sesame-Free", "Lupine-Free", "Mollusk-Free", "Alcohol-Free"], "calories": 2922, "totalTime": 0.0, "cuisineType": "american", "imageName": "111.jpg", "ingredients": [{"food": "potato", "quantity": 750.0, "measure": "gram", "foodId": "food_abiw5baauresjmb6xpap2bg3otzu"}, {"food": "olive oil", "quantity": 1.0, "measure": "tablespoon", "foodId": "food_b1d1icuad3iktrbqby0hiagafaz7"}, {"food": "sirloin steak", "quantity": 2.0, "measure": "<unit>", "foodId": "food_aifm62daw1i6txalya881bcetyzn"}, {"food": "herb", "quantity": 120.0, "measure": "gram", "foodId": "food_avsq22zadwyb5cb5sl1byaa4mbo8"}, {"food": "honey", "quantity": 6.0, "measure": "tablespoon", "foodId": "food_bn6aoj9atkqx8fbkli859bbbxx62"}, {"food": "mustard", "quantity": 6.0, "measure": "tablespoon", "foodId": "food_a34cdj5b0kyuhfbov30xcb50u4dv"}]}, "Zuni-Inspired Grilled Chicken Salad": {"url": "https://food52.com/recipes/82361-zuni-inspired-grilled-chicken-salad-recipe", "healthLabels": ["Sugar-Conscious", "Keto-Friendly", "Paleo", "Dairy-Free", "Gluten-Free", "Wheat-Free", "Peanut-Free", "Tree-Nut-Free", "Soy-Free", "Fish-Free", "Shellfish-Free", "Pork-Free", "Red-Meat-Free", "Crustacean-Free", "Celery-Free", "Sesame-Free", "Lupine-Free", "Mollusk-Free", "Alcohol-Free", "Sulfite-Free", "Kosher"], "calories": 1082, "totalTime": 20.0, "cuisineType": "british", "imageName": "112.jpg", "ingredients": [{"food": "boneless, skinless chicken breasts", "quantity": 1.0, "measure": "pound", "foodId": "food_bdrxu94aj3x2djbpur8dhagfhkcn"}, {"food": "kosher salt", "quantity": 0.75, "measure": "teaspoon", "foodId": "food_a1vgrj1bs8rd1majvmd9ubz8ttkg"}, {"food": "olive oil", "quantity": 1.0, "measure": "tablespoon", "foodId": "food_b1d1icuad3iktrbqby0hiagafaz7"}, {"food": "aioli", "quantity": 0.25, "measure": "cup", "foodId": "food_bu8t61zaplle7dbrzk81dbygq0qj"}, {"food": "lemon", "quantity": 1.0, "measure": "<unit>", "foodId": "food_a6uzc62astrxcgbtzyq59b6fncrr"}, {"food": "fresh herbs", "quantity": 0.0, "measure": null, "foodId": "food_b244pqdazw24zobr5vqu2bf0uid8"}]}, "Shrimp Salad": {"url": "http://www.eatingwell.com/recipe/263673/shrimp-salad/", "healthLabels": ["Pescatarian", "Gluten-Free", "Wheat-Free", "Egg-Free", "Peanut-Free", "Tree-Nut-Free", "Soy-Free", "Fish-Free", "Pork-Free", "Red-Meat-Free", "Celery-Free", "Mustard-Free", "Sesame-Free", "Lupine-Free", "Mollusk-Free", "Alcohol-Free"], "calories": 803, "totalTime": 25.0, "cuisineType": "chinese", "imageName": "113.jpg", "ingredients": [{"food": "salad greens", "quantity": 1.0, "measure": "cup", "foodId": "food_bqalyxzbzu04hcb8xj930bzar7xg"}, {"food": "sweet peppers", "quantity": 0.5, "measure": "cup", "foodId": "food_a8g63g7ak6bnmvbu7agxibp4a0dy"}, {"food": "cooked shrimp", "quantity": 3.0, "measure": "ounce", "foodId": "food_a739i92bq1vivfaym277jb3lul7x"}, {"food": "garbanzo beans", "quantity": 0.5, "measure": "cup", "foodId": "food_baux5rqbkto336asd7w3lbbi1koo"}, {"food": "salad dressing", "quantity": 2.0, "measure": "tablespoon", "foodId": "food_a67f1v3boelh4wasob4qib34t5bv"}, {"food": "strawberries", "quantity": 1.25, "measure": "cup", "foodId": "food_b4s2ibkbrrucmbabbaxhfau8ay42"}, {"food": "fat-free yogurt", "quantity": 0.6666666666666666, "measure": "cup", "foodId": "food_bq99rb6bfw035yaeise2hbhlg406"}]}, "Buffalo Chicken Salad": {"url": "http://www.delish.com/cooking/recipe-ideas/recipes/a23965/buffalo-chicken-salad/", "healthLabels": ["Gluten-Free", "Wheat-Free", "Egg-Free", "Peanut-Free", "Tree-Nut-Free", "Soy-Free", "Fish-Free", "Shellfish-Free", "Pork-Free", "Red-Meat-Free", "Crustacean-Free", "Mustard-Free", "Sesame-Free", "Lupine-Free", "Mollusk-Free", "Alcohol-Free", "Sulfite-Free"], "calories": 3260, "totalTime": 10.0, "cuisineType": "american", "imageName": "114.jpg", "ingredients": [{"food": "salad mix", "quantity": 2.0, "measure": "bag", "foodId": "food_bqalyxzbzu04hcb8xj930bzar7xg"}, {"food": "carrot", "quantity": 1.0, "measure": "container", "foodId": "food_ai215e5b85pdh5ajd4aafa3w2zm8"}, {"food": "celery", "quantity": 1.0, "measure": "stick", "foodId": "food_bffeoksbyyur8ja4da73ub2xs57g"}, {"food": "chicken", "quantity": 1.0, "measure": "<unit>", "foodId": "food_bmyxrshbfao9s1amjrvhoauob6mo"}, {"food": "pepper sauce", "quantity": 2.0, "measure": "tablespoon", "foodId": "food_a6201h1bu1m0tfbrvis6ma6nvhzv"}, {"food": "blue cheese salad dressing", "quantity": 0.5, "measure": "cup", "foodId": "food_a7uejbga4bjcztbe4naceb72mnwf"}]}, "Strawberry Hazelnut Salad": {"url": "http://userealbutter.com/2009/05/08/strawberry-hazelnut-salad-recipe/", "healthLabels": ["Vegan", "Vegetarian", "Pescatarian", "Dairy-Free", "Gluten-Free", "Wheat-Free", "Egg-Free", "Peanut-Free", "Soy-Free", "Fish-Free", "Shellfish-Free", "Pork-Free", "Red-Meat-Free", "Crustacean-Free", "Celery-Free", "Mustard-Free", "Sesame-Free", "Lupine-Free", "Mollusk-Free", "Alcohol-Free", "FODMAP-Free", "Kosher"], "calories": 1649, "totalTime": 0.0, "cuisineType": "american", "imageName": "115.jpg", "ingredients": [{"food": "salad greens", "quantity": 8.0, "measure": "ounce", "foodId": "food_bqalyxzbzu04hcb8xj930bzar7xg"}, {"food": "strawberries", "quantity": 8.0, "measure": "ounce", "foodId": "food_b4s2ibkbrrucmbabbaxhfau8ay42"}, {"food": "hazelnuts", "quantity": 2.0, "measure": "ounce", "foodId": "food_ahshk5kaw2j86lbtd1akiaxbiwc2"}, {"food": "balsamic vinegar", "quantity": 3.0, "measure": "ounce", "foodId": "food_b1ic8tzapja8jubas1f8lbhpbn6x"}, {"food": "sugar", "quantity": 1.0, "measure": "teaspoon", "foodId": "food_axi2ijobrk819yb0adceobnhm1c2"}, {"food": "extra virgin olive oil", "quantity": 4.0, "measure": "ounce", "foodId": "food_b1d1icuad3iktrbqby0hiagafaz7"}, {"food": "pepper", "quantity": 4.0, "measure": "<unit>", "foodId": "food_bz8rcwobbzm7zhb3wh2n7aznivou"}]}, "Grilled Tofu Salad With Miso Dressing": {"url": "http://steamykitchen.com/20074-grilled-tofu-with-miso-dressing-recip.html", "healthLabels": ["Sugar-Conscious", "Keto-Friendly", "Vegan", "Vegetarian", "Pescatarian", "Dairy-Free", "Egg-Free", "Peanut-Free", "Tree-Nut-Free", "Fish-Free", "Shellfish-Free", "Pork-Free", "Red-Meat-Free", "Crustacean-Free", "Celery-Free", "Mustard-Free", "Lupine-Free", "Mollusk-Free", "Alcohol-Free", "Kosher"], "calories": 880, "totalTime": 0.0, "cuisineType": "asian", "imageName": "116.jpg", "ingredients": [{"food": "firm tofu", "quantity": 14.0, "measure": "ounce", "foodId": "food_bu9fz3paqr6xcebft7onna22v8ve"}, {"food": "cooking oil", "quantity": 2.0, "measure": "teaspoon", "foodId": "food_bk9p9aaavhvoq4bqsnprobpsiuxs"}, {"food": "miso paste", "quantity": 2.0, "measure": "tablespoon", "foodId": "food_agp37bpbhswz7sa7hlwj7b8vzcbt"}, {"food": "soy sauce", "quantity": 1.0, "measure": "teaspoon", "foodId": "food_a5g9yevb1iactoaiimbvjbkrxueh"}, {"food": "fresh ginger", "quantity": 0.5, "measure": "teaspoon", "foodId": "food_bi2ki2xb5zmmvbaiwf7ztbgktzp6"}, {"food": "water", "quantity": 1.0, "measure": "tablespoon", "foodId": "food_a99vzubbk1ayrsad318rvbzr3dh0"}, {"food": "sesame oil", "quantity": 0.5, "measure": "teaspoon", "foodId": "food_b2id9opa0l5afvbw2do5xa1fnz4q"}, {"food": "sugar", "quantity": 0.5, "measure": "teaspoon", "foodId": "food_axi2ijobrk819yb0adceobnhm1c2"}, {"food": "oil", "quantity": 1.0, "measure": "tablespoon", "foodId": "food_bk9p9aaavhvoq4bqsnprobpsiuxs"}, {"food": "salad greens", "quantity": 4.0, "measure": "handful", "foodId": "food_bqalyxzbzu04hcb8xj930bzar7xg"}]}, "Buffalo Chicken Salad recipes": {"url": "http://www.goodhousekeeping.com/food-recipes/a3338/buffalo-chicken-salad/", "healthLabels": ["Gluten-Free", "Wheat-Free", "Egg-Free", "Peanut-Free", "Tree-Nut-Free", "Soy-Free", "Fish-Free", "Shellfish-Free", "Pork-Free", "Red-Meat-Free", "Crustacean-Free", "Mustard-Free", "Sesame-Free", "Lupine-Free", "Mollusk-Free", "Alcohol-Free", "Sulfite-Free"], "calories": 3260, "totalTime": 10.0, "cuisineType": "american", "imageName": "117.jpg", "ingredients": [{"food": "salad mix", "quantity": 2.0, "measure": "bag", "foodId": "food_bqalyxzbzu04hcb8xj930bzar7xg"}, {"food": "carrot", "quantity": 1.0, "measure": "container", "foodId": "food_ai215e5b85pdh5ajd4aafa3w2zm8"}, {"food": "celery", "quantity": 1.0, "measure": "stick", "foodId": "food_bffeoksbyyur8ja4da73ub2xs57g"}, {"food": "chicken", "quantity": 1.0, "measure": "<unit>", "foodId": "food_bmyxrshbfao9s1amjrvhoauob6mo"}, {"food": "pepper sauce", "quantity": 2.0, "measure": "tablespoon", "foodId": "food_a6201h1bu1m0tfbrvis6ma6nvhzv"}, {"food": "blue cheese salad dressing", "quantity": 0.5, "measure": "cup", "foodId": "food_a7uejbga4bjcztbe4naceb72mnwf"}]}, "Chicken Salad With Mango & Basil": {"url": "http://www.sfgate.com/food/recipes/detail.html?rid=14131&sorig=qs", "healthLabels": ["Dairy-Free", "Egg-Free", "Peanut-Free", "Tree-Nut-Free", "Soy-Free", "Fish-Free", "Shellfish-Free", "Pork-Free", "Red-Meat-Free", "Crustacean-Free", "Celery-Free", "Mustard-Free", "Sesame-Free", "Lupine-Free", "Mollusk-Free", "Kosher"], "calories": 1940, "totalTime": 0.0, "cuisineType": "american", "imageName": "118.jpg", "ingredients": [{"food": "chicken", "quantity": 1.5, "measure": "pound", "foodId": "food_bmyxrshbfao9s1amjrvhoauob6mo"}, {"food": "red wine", "quantity": 3.0, "measure": "tablespoon", "foodId": "food_b5q0xv2ba8la5hbzdfzdgaca3fwu"}, {"food": "fresh basil", "quantity": 3.0, "measure": "tablespoon", "foodId": "food_bfeht3obd58c3gak5ehpibxgbbs6"}, {"food": "sugar", "quantity": 1.0, "measure": "pinch", "foodId": "food_axi2ijobrk819yb0adceobnhm1c2"}, {"food": "vegetable oil", "quantity": 3.0, "measure": "tablespoon", "foodId": "food_bt1mzi2ah2sfg8bv7no1qai83w8s"}, {"food": "salt", "quantity": 0.0, "measure": null, "foodId": "food_btxz81db72hwbra2pncvebzzzum9"}, {"food": "pepper", "quantity": 0.0, "measure": null, "foodId": "food_b6ywzluaaxv02wad7s1r9ag4py89"}, {"food": "mango", "quantity": 1.0, "measure": "<unit>", "foodId": "food_an1dqoib8xj3tyb3pr7c0abi4rbw"}, {"food": "salad mix", "quantity": 10.0, "measure": "ounce", "foodId": "food_bqalyxzbzu04hcb8xj930bzar7xg"}, {"food": "garlic croutons", "quantity": 1.5, "measure": "cup", "foodId": "food_ad9psyqap98pmrar3z9qvaw0qpio"}]}}}