{"sandwich": {"Fruits Sandwich": {"url": "https://food52.com/recipes/61017-fruits-sandwich", "healthLabels": ["Vegetarian", "Pescatarian", "Egg-Free", "Peanut-Free", "Tree-Nut-Free", "Soy-Free", "Fish-Free", "Shellfish-Free", "Pork-Free", "Red-Meat-Free", "Crustacean-Free", "Celery-Free", "Mustard-Free", "Sesame-Free", "Lupine-Free", "Mollusk-Free", "Alcohol-Free", "Kosher"], "calories": 1030, "totalTime": 15.0, "cuisineType": "british", "imageName": "91.jpg", "ingredients": [{"food": "heavy cream", "quantity": 100.0, "measure": "milliliter", "foodId": "food_bgtkr21b5v16mca246x9ebnaswyo"}, {"food": "sugar", "quantity": 1.0, "measure": "tablespoon", "foodId": "food_axi2ijobrk819yb0adceobnhm1c2"}, {"food": "sandwich bread", "quantity": 4.0, "measure": "piece", "foodId": "food_a3049hmbqj5wstaeeb3udaz6uaqv"}, {"food": "strawberry", "quantity": 4.0, "measure": "<unit>", "foodId": "food_b4s2ibkbrrucmbabbaxhfau8ay42"}, {"food": "banana", "quantity": 1.0, "measure": "<unit>", "foodId": "food_bjsfxtcaidvmhaa3afrbna43q3hu"}, {"food": "kiwi", "quantity": 2.0, "measure": "<unit>", "foodId": "food_bqj114aab4xnl6b6j3dt0bi4sznd"}, {"food": "tangerine", "quantity": 8.0, "measure": "piece", "foodId": "food_a24i0asarijf6nbnhkbbrbgy91bw"}]}, "Turkey Club Sandwich recipes": {"url": "http://www.foodrepublic.com/recipes/turkey-club-sandwich-recipe/", "healthLabels": ["Sugar-Conscious", "Dairy-Free", "Peanut-Free", "Tree-Nut-Free", "Soy-Free", "Fish-Free", "Shellfish-Free", "Crustacean-Free", "Celery-Free", "Sesame-Free", "Lupine-Free", "Mollusk-Free", "Alcohol-Free", "Sulfite-Free"], "calories": 1291, "totalTime": 15.0, "cuisineType": "american", "imageName": "92.jpg", "ingredients": [{"food": "sandwich bread", "quantity": 3.0, "measure": "slice", "foodId": "food_a3049hmbqj5wstaeeb3udaz6uaqv"}, {"food": "mayonnaise", "quantity": 2.0, "measure": "tablespoon", "foodId": "food_bu8t61zaplle7dbrzk81dbygq0qj"}, {"food": "turkey breast", "quantity": 0.5, "measure": "pound", "foodId": "food_aijy334arptsr3b4zwpdrajqapl8"}, {"food": "bacon", "quantity": 4.0, "measure": "slice", "foodId": "food_av0awb0bgs18qub01sd9kbx44b61"}, {"food": "tomato", "quantity": 1.0, "measure": "<unit>", "foodId": "food_a6k79rrahp8fe2b26zussa3wtkqh"}, {"food": "lettuce", "quantity": 4.0, "measure": "leaf", "foodId": "food_bf5fxtkbc9alwoajuvsi7amonr5w"}]}, "Dinner Tonight: The Dagwood Sandwich Recipe": {"url": "http://www.seriouseats.com/recipes/2011/05/the-dagwood-sandwich-recipe.html", "healthLabels": ["Sugar-Conscious", "Peanut-Free", "Tree-Nut-Free", "Soy-Free", "Fish-Free", "Shellfish-Free", "Crustacean-Free", "Celery-Free", "Sesame-Free", "Lupine-Free", "Mollusk-Free", "Alcohol-Free", "Sulfite-Free"], "calories": 1907, "totalTime": 5.0, "cuisineType": "american", "imageName": "93.jpg", "ingredients": [{"food": "sandwich bread", "quantity": 3.0, "measure": "slice", "foodId": "food_a3049hmbqj5wstaeeb3udaz6uaqv"}, {"food": "mustard", "quantity": 2.0, "measure": "tablespoon", "foodId": "food_a34cdj5b0kyuhfbov30xcb50u4dv"}, {"food": "mayonnaise", "quantity": 1.0, "measure": "tablespoon", "foodId": "food_bu8t61zaplle7dbrzk81dbygq0qj"}, {"food": "ham", "quantity": 4.0, "measure": "slice", "foodId": "food_bd97wcfb5tcjnybmibiyeaqrernd"}, {"food": "american cheese", "quantity": 2.0, "measure": "slice", "foodId": "food_bjqrzuebbvmm4ubyh7aija9bw809"}, {"food": "iceberg lettuce", "quantity": 2.0, "measure": "leaf", "foodId": "food_advhqk1a09o2noblosrg6a4z10xv"}, {"food": "bologna", "quantity": 4.0, "measure": "slice", "foodId": "food_a2dlp52avk482zb8n3fq7bsfff7u"}, {"food": "salami", "quantity": 4.0, "measure": "slice", "foodId": "food_ay3o058beyl53xa5sywkmatgkkqb"}, {"food": "dill pickle", "quantity": 6.0, "measure": "<unit>", "foodId": "food_brxuwiub7to3nnb38uxhtb445ewf"}, {"food": "tomato", "quantity": 3.0, "measure": "slice", "foodId": "food_a6k79rrahp8fe2b26zussa3wtkqh"}, {"food": "turkey", "quantity": 4.0, "measure": "slice", "foodId": "food_a9m7tjlaizm6qwb80yipna6dvd20"}, {"food": "swiss cheese", "quantity": 2.0, "measure": "slice", "foodId": "food_am9c0zybyfhgn9brc0imabzslets"}, {"food": "pimiento stuffed green olives", "quantity": 2.0, "measure": "<unit>", "foodId": "food_au01k5obo9mz1pa1febfibire8z8"}]}, "Elvis Presley''s Hot Peanut Butter and Banana Sandwich": {"url": "https://www.epicurious.com/recipes/food/views/elvis-presleys-hot-peanut-butter-and-banana-sandwich-232627", "healthLabels": ["Vegetarian", "Pescatarian", "Egg-Free", "Tree-Nut-Free", "Soy-Free", "Fish-Free", "Shellfish-Free", "Pork-Free", "Red-Meat-Free", "Crustacean-Free", "Celery-Free", "Mustard-Free", "Sesame-Free", "Lupine-Free", "Mollusk-Free", "Alcohol-Free", "Sulfite-Free", "Kosher", "Immuno-Supportive"], "calories": 639, "totalTime": 0.0, "cuisineType": "american", "imageName": "94.jpg", "ingredients": [{"food": "peanut butter", "quantity": 2.0, "measure": "tablespoon", "foodId": "food_bz6b8fsbccyn3zaij72f7av8dl9m"}, {"food": "sandwich bread", "quantity": 2.0, "measure": "slice", "foodId": "food_a3049hmbqj5wstaeeb3udaz6uaqv"}, {"food": "banana", "quantity": 1.0, "measure": "<unit>", "foodId": "food_bjsfxtcaidvmhaa3afrbna43q3hu"}, {"food": "butter", "quantity": 2.0, "measure": "tablespoon", "foodId": "food_awz3iefajbk1fwahq9logahmgltj"}]}, "Cuban-Inspired Sandwich recipes": {"url": "http://thepioneerwoman.com/food-and-friends/cuban-inspired-sandwich/", "healthLabels": ["Sugar-Conscious", "Peanut-Free", "Tree-Nut-Free", "Soy-Free", "Fish-Free", "Shellfish-Free", "Crustacean-Free", "Celery-Free", "Sesame-Free", "Lupine-Free", "Mollusk-Free", "Alcohol-Free", "Sulfite-Free"], "calories": 2513, "totalTime": 12.0, "cuisineType": "caribbean", "imageName": "95.jpg", "ingredients": [{"food": "mayonnaise", "quantity": 0.5, "measure": "cup", "foodId": "food_bu8t61zaplle7dbrzk81dbygq0qj"}, {"food": "ground mustard", "quantity": 4.0, "measure": "teaspoon", "foodId": "food_b0xqxo3a93nsz8a6ppdilau4ujwt"}, {"food": "sandwich buns", "quantity": 4.0, "measure": "<unit>", "foodId": "food_a9rj5w6aiih82zbzhr0ujauniccy"}, {"food": "butter", "quantity": 2.0, "measure": "tablespoon", "foodId": "food_awz3iefajbk1fwahq9logahmgltj"}, {"food": "pork", "quantity": 1.3333333333333333, "measure": "cup", "foodId": "food_aisetlvawqaqp8a2uc28uaf46l5m"}, {"food": "ham", "quantity": 8.0, "measure": "slice", "foodId": "food_bd97wcfb5tcjnybmibiyeaqrernd"}, {"food": "dill pickle", "quantity": 12.0, "measure": "slice", "foodId": "food_brxuwiub7to3nnb38uxhtb445ewf"}]}, "Perfect BLT Sandwich": {"url": "https://www.marthastewart.com/951399/perfect-blt-sandwich", "healthLabels": ["Peanut-Free", "Tree-Nut-Free", "Soy-Free", "Fish-Free", "Shellfish-Free", "Crustacean-Free", "Celery-Free", "Sesame-Free", "Lupine-Free", "Mollusk-Free", "Alcohol-Free", "Sulfite-Free"], "calories": 1257, "totalTime": 0.0, "cuisineType": "american", "imageName": "96.jpg", "ingredients": [{"food": "sandwich bread", "quantity": 2.0, "measure": "slice", "foodId": "food_a3049hmbqj5wstaeeb3udaz6uaqv"}, {"food": "unsalted butter", "quantity": 1.0, "measure": "teaspoon", "foodId": "food_awz3iefajbk1fwahq9logahmgltj"}, {"food": "iceberg lettuce", "quantity": 1.5, "measure": "leaf", "foodId": "food_advhqk1a09o2noblosrg6a4z10xv"}, {"food": "tomato", "quantity": 1.0, "measure": "<unit>", "foodId": "food_a6k79rrahp8fe2b26zussa3wtkqh"}, {"food": "basil", "quantity": 3.5, "measure": "leaf", "foodId": "food_bfeht3obd58c3gak5ehpibxgbbs6"}, {"food": "bacon", "quantity": 2.0, "measure": "slice", "foodId": "food_av0awb0bgs18qub01sd9kbx44b61"}, {"food": "mayonnaise", "quantity": 0.5, "measure": "cup", "foodId": "food_bu8t61zaplle7dbrzk81dbygq0qj"}, {"food": "coarse salt", "quantity": 0.0, "measure": null, "foodId": "food_a1vgrj1bs8rd1majvmd9ubz8ttkg"}, {"food": "pepper", "quantity": 0.0, "measure": null, "foodId": "food_b6ywzluaaxv02wad7s1r9ag4py89"}]}, "Strawberries and Cream Tea Sandwich": {"url": "https://www.realsimple.com/food-recipes/browse-all-recipes/strawberries-cream-tea-sandwich", "healthLabels": ["Low Potassium", "Kidney-Friendly", "Vegetarian", "Pescatarian", "Egg-Free", "Peanut-Free", "Tree-Nut-Free", "Soy-Free", "Fish-Free", "Shellfish-Free", "Pork-Free", "Red-Meat-Free", "Crustacean-Free", "Celery-Free", "Mustard-Free", "Sesame-Free", "Lupine-Free", "Mollusk-Free", "Alcohol-Free", "Kosher"], "calories": 299, "totalTime": 5.0, "cuisineType": "american", "imageName": "97.jpg", "ingredients": [{"food": "whole-grain sandwich bread", "quantity": 2.0, "measure": "slice", "foodId": "food_bavo9dwb2qgylob09j84nbhpxsg9"}, {"food": "cream cheese", "quantity": 2.0, "measure": "tablespoon", "foodId": "food_a7rvc49a09a7yjbq3ekjbbauyoqa"}, {"food": "honey", "quantity": 1.0, "measure": "teaspoon", "foodId": "food_bn6aoj9atkqx8fbkli859bbbxx62"}, {"food": "strawberries", "quantity": 4.0, "measure": "<unit>", "foodId": "food_b4s2ibkbrrucmbabbaxhfau8ay42"}]}, "Braised Bbq Beef Sandwich": {"url": "http://simplyrecipes.com/recipes/braised_bbq_beef_sandwich/", "healthLabels": ["Dairy-Free", "Egg-Free", "Peanut-Free", "Tree-Nut-Free", "Soy-Free", "Fish-Free", "Shellfish-Free", "Pork-Free", "Crustacean-Free", "Celery-Free", "Mustard-Free", "Sesame-Free", "Lupine-Free", "Mollusk-Free", "Alcohol-Free", "Sulfite-Free", "Kosher"], "calories": 4340, "totalTime": 0.0, "cuisineType": "american", "imageName": "98.jpg", "ingredients": [{"food": "chuck roast", "quantity": 3.0, "measure": "pound", "foodId": "food_bfn8xjvadpjgtdax5l9smb73hzu1"}, {"food": "onions", "quantity": 2.0, "measure": "<unit>", "foodId": "food_bmrvi4ob4binw9a5m7l07amlfcoy"}, {"food": "olive oil", "quantity": 1.0, "measure": "tablespoon", "foodId": "food_b1d1icuad3iktrbqby0hiagafaz7"}, {"food": "whole tomatoes", "quantity": 28.0, "measure": "ounce", "foodId": "food_bnmkkwqa9h2p87bz171eoby0bsey"}, {"food": "barbecue sauce", "quantity": 18.0, "measure": "ounce", "foodId": "food_avt8j2wabi4myjaafpo4makv3lqn"}, {"food": "salt", "quantity": 0.0, "measure": null, "foodId": "food_btxz81db72hwbra2pncvebzzzum9"}, {"food": "black pepper", "quantity": 0.0, "measure": null, "foodId": "food_b6ywzluaaxv02wad7s1r9ag4py89"}, {"food": "hamburger buns", "quantity": 12.0, "measure": "<unit>", "foodId": "food_biei7e8ap2juekb162j79bu40fsu"}]}, "Bbq Chicken Sandwich": {"url": "http://www.eatingwell.com/recipes/bbq_chicken_sandwich.html", "healthLabels": ["Egg-Free", "Peanut-Free", "Tree-Nut-Free", "Soy-Free", "Fish-Free", "Shellfish-Free", "Pork-Free", "Red-Meat-Free", "Crustacean-Free", "Celery-Free", "Mustard-Free", "Sesame-Free", "Lupine-Free", "Mollusk-Free", "Alcohol-Free", "Sulfite-Free"], "calories": 315, "totalTime": 0.0, "cuisineType": "american", "imageName": "99.jpg", "ingredients": [{"food": "cooked chicken", "quantity": 0.5, "measure": "cup", "foodId": "food_a59p480aae04fubjz0yo7a5auh4m"}, {"food": "whole-wheat sandwich bun", "quantity": 1.0, "measure": "<unit>", "foodId": "food_acn2o05bbhbl3ya1636yebsz1mvz"}, {"food": "romaine lettuce", "quantity": 1.0, "measure": "leaf", "foodId": "food_bfmb5cybk1o247bmrmry4a6jvp60"}, {"food": "ranch dressing", "quantity": 2.0, "measure": "teaspoon", "foodId": "food_bc9tefubd2gfrja8awxleabejftg"}, {"food": "carrots", "quantity": 0.25, "measure": "cup", "foodId": "food_ai215e5b85pdh5ajd4aafa3w2zm8"}, {"food": "barbecue sauce", "quantity": 2.0, "measure": "tablespoon", "foodId": "food_avt8j2wabi4myjaafpo4makv3lqn"}]}, "Recipe: Turkey and Brussels Sprouts Club Sandwich": {"url": "http://www.thekitchn.com/recipe-turkey-and-brussels-sprouts-club-sandwich-237219", "healthLabels": ["Dairy-Free", "Peanut-Free", "Tree-Nut-Free", "Soy-Free", "Fish-Free", "Shellfish-Free", "Crustacean-Free", "Celery-Free", "Sesame-Free", "Lupine-Free", "Mollusk-Free", "Alcohol-Free", "Sulfite-Free"], "calories": 1215, "totalTime": 0.0, "cuisineType": "american", "imageName": "100.jpg", "ingredients": [{"food": "sandwich bread", "quantity": 6.0, "measure": "slice", "foodId": "food_a3049hmbqj5wstaeeb3udaz6uaqv"}, {"food": "cranberry sauce", "quantity": 0.5, "measure": "cup", "foodId": "food_asvapqhatz4wejanlapyzbmov2k1"}, {"food": "mayonnaise", "quantity": 3.0, "measure": "tablespoon", "foodId": "food_bu8t61zaplle7dbrzk81dbygq0qj"}, {"food": "brussels sprouts", "quantity": 1.0, "measure": "cup", "foodId": "food_bkr6xbxbvl7pgua0vy4ibblf93qq"}, {"food": "cooked bacon", "quantity": 6.0, "measure": "slice", "foodId": "food_ae0k103anpej5sa5pcxhsbzr19d4"}, {"food": "cooked turkey breast", "quantity": 6.0, "measure": "ounce", "foodId": "food_bsv920vbfncj2ea80yb8kaetuish"}]}}}