{"spaghetti": {"Spaghetti Frittata": {"url": "https://food52.com/recipes/38849-spaghetti-frittata", "healthLabels": ["Sugar-Conscious", "Low Potassium", "Kidney-Friendly", "Peanut-Free", "Tree-Nut-Free", "Soy-Free", "Fish-Free", "Shellfish-Free", "Crustacean-Free", "Celery-Free", "Mustard-Free", "Sesame-Free", "Lupine-Free", "Mollusk-Free", "Alcohol-Free", "No oil added", "Sulfite-Free"], "calories": 1702, "totalTime": 0.0, "cuisineType": "italian", "imageName": "184.jpg", "ingredients": [{"food": "eggs", "quantity": 6.0, "measure": "<unit>", "foodId": "food_bhpradua77pk16aipcvzeayg732r"}, {"food": "parmesan", "quantity": 3.0, "measure": "tablespoon", "foodId": "food_a104ppxa06d3emb272fkcab3cugd"}, {"food": "cooked spaghetti", "quantity": 300.0, "measure": "gram", "foodId": "food_bcwokz3b2oo23xbi9zcjiav8mo2n"}, {"food": "pancetta", "quantity": 180.0, "measure": "gram", "foodId": "food_av0awb0bgs18qub01sd9kbx44b61"}]}, "Spaghetti Amatriciana": {"url": "http://norecipes.com/recipe/spaghetti-amatriciana/", "healthLabels": ["Egg-Free", "Peanut-Free", "Tree-Nut-Free", "Soy-Free", "Fish-Free", "Shellfish-Free", "Crustacean-Free", "Celery-Free", "Mustard-Free", "Sesame-Free", "Lupine-Free", "Mollusk-Free", "No oil added"], "calories": 1837, "totalTime": 0.0, "cuisineType": "italian", "imageName": "185.jpg", "ingredients": [{"food": "guanciale", "quantity": 150.0, "measure": "gram", "foodId": "food_av0awb0bgs18qub01sd9kbx44b61"}, {"food": "chili pepper", "quantity": 1.0, "measure": "<unit>", "foodId": "food_akybxs9atrgwona5nz3jgbo3vor5"}, {"food": "shallot", "quantity": 1.0, "measure": "<unit>", "foodId": "food_bu2ver7a5f52dfap8q9f0bn085qb"}, {"food": "red wine", "quantity": 0.25, "measure": "cup", "foodId": "food_b5q0xv2ba8la5hbzdfzdgaca3fwu"}, {"food": "stewed tomatoes", "quantity": 375.0, "measure": "gram", "foodId": "food_bnmkkwqa9h2p87bz171eoby0bsey"}, {"food": "tomato paste", "quantity": 1.0, "measure": "tablespoon", "foodId": "food_auu2atfal07b6gbd1a5wsawy7u0s"}, {"food": "salt", "quantity": 0.5, "measure": "teaspoon", "foodId": "food_btxz81db72hwbra2pncvebzzzum9"}, {"food": "pecorino romano", "quantity": 30.0, "measure": "gram", "foodId": "food_bmxguz9abbdnfvbuklp2mbsrpt6b"}, {"food": "spaghetti", "quantity": 250.0, "measure": "gram", "foodId": "food_a8hs60uayl5icia1qe8qoba1kwp8"}]}, "Spaghetti Genovese": {"url": "http://www.bbcgoodfood.com/recipes/1945/", "healthLabels": ["Vegetarian", "Pescatarian", "Mediterranean", "Egg-Free", "Peanut-Free", "Soy-Free", "Fish-Free", "Shellfish-Free", "Pork-Free", "Red-Meat-Free", "Crustacean-Free", "Celery-Free", "Mustard-Free", "Sesame-Free", "Lupine-Free", "Mollusk-Free", "Alcohol-Free", "Sulfite-Free", "Kosher"], "calories": 1915, "totalTime": 0.0, "cuisineType": "italian", "imageName": "186.jpg", "ingredients": [{"food": "green beans", "quantity": 200.0, "measure": "gram", "foodId": "food_aceucvpau4a8v6atkx5eabxyoqdn"}, {"food": "olive oil", "quantity": 0.0, "measure": null, "foodId": "food_b1d1icuad3iktrbqby0hiagafaz7"}, {"food": "pesto", "quantity": 120.0, "measure": "gram", "foodId": "food_amlzb2yam5vuysaaikhe3a68ojnn"}, {"food": "spaghetti", "quantity": 300.0, "measure": "gram", "foodId": "food_a8hs60uayl5icia1qe8qoba1kwp8"}, {"food": "new potatoes", "quantity": 300.0, "measure": "gram", "foodId": "food_b5m473aabh39qbbre3ypaa4uwd7j"}]}, "Simple Spaghetti Squash": {"url": "https://www.marthastewart.com/1154177/spaghetti-squash", "healthLabels": ["Vegetarian", "Pescatarian", "Gluten-Free", "Wheat-Free", "Egg-Free", "Peanut-Free", "Tree-Nut-Free", "Soy-Free", "Fish-Free", "Shellfish-Free", "Pork-Free", "Red-Meat-Free", "Crustacean-Free", "Celery-Free", "Mustard-Free", "Sesame-Free", "Lupine-Free", "Mollusk-Free", "Alcohol-Free", "Sulfite-Free", "FODMAP-Free", "Kosher"], "calories": 440, "totalTime": 60.0, "cuisineType": "italian", "imageName": "187.jpg", "ingredients": [{"food": "spaghetti squash", "quantity": 2.0, "measure": "pound", "foodId": "food_bj1y3fnbefpaaoagd8c1dad4mdhr"}, {"food": "butter", "quantity": 1.5, "measure": "tablespoon", "foodId": "food_awz3iefajbk1fwahq9logahmgltj"}, {"food": "coarse salt", "quantity": 0.0, "measure": null, "foodId": "food_a1vgrj1bs8rd1majvmd9ubz8ttkg"}, {"food": "ground pepper", "quantity": 0.0, "measure": null, "foodId": "food_b6ywzluaaxv02wad7s1r9ag4py89"}]}, "Spaghetti With Marinara Sauce": {"url": "https://www.epicurious.com/recipes/food/views/spaghetti-with-marinara-sauce-231367", "healthLabels": ["Vegetarian", "Pescatarian", "Mediterranean", "Egg-Free", "Peanut-Free", "Tree-Nut-Free", "Soy-Free", "Fish-Free", "Shellfish-Free", "Pork-Free", "Red-Meat-Free", "Crustacean-Free", "Celery-Free", "Mustard-Free", "Sesame-Free", "Lupine-Free", "Mollusk-Free", "Alcohol-Free", "No oil added", "Sulfite-Free", "Kosher"], "calories": 2189, "totalTime": 0.0, "cuisineType": "italian", "imageName": "188.jpg", "ingredients": [{"food": "spaghetti", "quantity": 1.0, "measure": "pound", "foodId": "food_a8hs60uayl5icia1qe8qoba1kwp8"}, {"food": "tomato sauce", "quantity": 2.0, "measure": "cup", "foodId": "food_altklniaqmdz3eb1rlf1ybjv8ihn"}, {"food": "parmigiano-reggiano", "quantity": 0.6666666666666666, "measure": "cup", "foodId": "food_a104ppxa06d3emb272fkcab3cugd"}]}, "Meatless Monday | Roasted Spaghetti Squash": {"url": "http://chezus.com/2012/11/11/roasted-spaghetti-squash-2/", "healthLabels": ["Kidney-Friendly", "Vegan", "Vegetarian", "Pescatarian", "Paleo", "Mediterranean", "DASH", "Dairy-Free", "Gluten-Free", "Wheat-Free", "Egg-Free", "Peanut-Free", "Tree-Nut-Free", "Soy-Free", "Fish-Free", "Shellfish-Free", "Pork-Free", "Red-Meat-Free", "Crustacean-Free", "Celery-Free", "Mustard-Free", "Sesame-Free", "Lupine-Free", "Mollusk-Free", "Alcohol-Free", "Sulfite-Free", "FODMAP-Free", "Kosher"], "calories": 176, "totalTime": 113.0, "cuisineType": "italian", "imageName": "189.jpg", "ingredients": [{"food": "spaghetti squash", "quantity": 1.0, "measure": "<unit>", "foodId": "food_bj1y3fnbefpaaoagd8c1dad4mdhr"}, {"food": "olive oil", "quantity": 0.0, "measure": null, "foodId": "food_b1d1icuad3iktrbqby0hiagafaz7"}, {"food": "kosher salt", "quantity": 0.0, "measure": null, "foodId": "food_a1vgrj1bs8rd1majvmd9ubz8ttkg"}, {"food": "black pepper", "quantity": 0.0, "measure": null, "foodId": "food_b6ywzluaaxv02wad7s1r9ag4py89"}]}, "Spaghetti Vongole": {"url": "http://www.jamieoliver.com/recipes/pasta-recipes/spaghetti-vongole", "healthLabels": ["Sugar-Conscious", "Pescatarian", "Mediterranean", "Dairy-Free", "Egg-Free", "Peanut-Free", "Tree-Nut-Free", "Soy-Free", "Fish-Free", "Pork-Free", "Red-Meat-Free", "Crustacean-Free", "Celery-Free", "Mustard-Free", "Sesame-Free", "Lupine-Free"], "calories": 1418, "totalTime": 0.0, "cuisineType": "italian", "imageName": "190.jpg", "ingredients": [{"food": "clams", "quantity": 200.0, "measure": "gram", "foodId": "food_b12syzgajx227eahiup7wb240d41"}, {"food": "olive oil", "quantity": 0.0, "measure": null, "foodId": "food_b1d1icuad3iktrbqby0hiagafaz7"}, {"food": "garlic", "quantity": 2.0, "measure": "clove", "foodId": "food_avtcmx6bgjv1jvay6s6stan8dnyp"}, {"food": "lemon", "quantity": 1.0, "measure": "<unit>", "foodId": "food_a6uzc62astrxcgbtzyq59b6fncrr"}, {"food": "white wine", "quantity": 150.0, "measure": "milliliter", "foodId": "food_bn44h7baron9ufaoxinmya8l0yye"}, {"food": "spaghetti", "quantity": 250.0, "measure": "gram", "foodId": "food_a8hs60uayl5icia1qe8qoba1kwp8"}, {"food": "parsley", "quantity": 1.0, "measure": "bunch", "foodId": "food_b244pqdazw24zobr5vqu2bf0uid8"}, {"food": "plum tomatoes", "quantity": 2.0, "measure": "<unit>", "foodId": "food_ab8jymba5i5xv3apgymg7a90bxb5"}, {"food": "red chilli", "quantity": 1.0, "measure": "<unit>", "foodId": "food_a6g98mqatzj7vca6ms3bnbzqxf3s"}]}, "Barbecue Spaghetti": {"url": "http://www.saveur.com/article/Recipes/Barbecue-Spaghetti", "healthLabels": ["Dairy-Free", "Egg-Free", "Peanut-Free", "Tree-Nut-Free", "Soy-Free", "Fish-Free", "Shellfish-Free", "Crustacean-Free", "Celery-Free", "Mustard-Free", "Sesame-Free", "Lupine-Free", "Mollusk-Free", "Alcohol-Free", "No oil added"], "calories": 2577, "totalTime": 0.0, "cuisineType": "italian", "imageName": "191.jpg", "ingredients": [{"food": "canned tomato sauce", "quantity": 3.0, "measure": "cup", "foodId": "food_altklniaqmdz3eb1rlf1ybjv8ihn"}, {"food": "cane syrup", "quantity": 0.5, "measure": "cup", "foodId": "food_aftzb4hav0begxbvchpd3bhc9368"}, {"food": "apple cider vinegar", "quantity": 1.5, "measure": "tablespoon", "foodId": "food_ar8m7esapmfvf8bnhfzdlabndh6v"}, {"food": "ground allspice", "quantity": 0.75, "measure": "teaspoon", "foodId": "food_avzem7oamop4dsa5wb65obt5ldgi"}, {"food": "ground cinnamon", "quantity": 0.5, "measure": "teaspoon", "foodId": "food_atjxtznauw5zabaixm24xa787onz"}, {"food": "cayenne", "quantity": 0.5, "measure": "teaspoon", "foodId": "food_a8iooz3aris8gba605l07brngnrx"}, {"food": "ground cloves", "quantity": 1.0, "measure": "pinch", "foodId": "food_abb00nxbw761ggavcuto7b3mw1s0"}, {"food": "kosher salt", "quantity": 0.0, "measure": null, "foodId": "food_a1vgrj1bs8rd1majvmd9ubz8ttkg"}, {"food": "black pepper", "quantity": 0.0, "measure": null, "foodId": "food_b6ywzluaaxv02wad7s1r9ag4py89"}, {"food": "pork", "quantity": 1.0, "measure": "cup", "foodId": "food_aisetlvawqaqp8a2uc28uaf46l5m"}, {"food": "spaghetti", "quantity": 1.0, "measure": "pound", "foodId": "food_a8hs60uayl5icia1qe8qoba1kwp8"}]}, "Spaghetti And Meatballs": {"url": "http://www.realsimple.com/food-recipes/browse-all-recipes/spaghetti-meatballs-00100000066418/index.html", "healthLabels": ["Sugar-Conscious", "Egg-Free", "Peanut-Free", "Tree-Nut-Free", "Soy-Free", "Fish-Free", "Shellfish-Free", "Pork-Free", "Crustacean-Free", "Celery-Free", "Mustard-Free", "Sesame-Free", "Lupine-Free", "Mollusk-Free", "Alcohol-Free", "Sulfite-Free"], "calories": 5122, "totalTime": 0.0, "cuisineType": "italian", "imageName": "192.jpg", "ingredients": [{"food": "spaghetti", "quantity": 0.75, "measure": "box", "foodId": "food_a8hs60uayl5icia1qe8qoba1kwp8"}, {"food": "marinara sauce", "quantity": 3.0, "measure": "cup", "foodId": "food_a7hv5mybkkrs3ub78yhtxafs67bu"}, {"food": "meatballs", "quantity": 16.0, "measure": "<unit>", "foodId": "food_boq91pbbhklr6sb0d9sbybzgklkm"}, {"food": "parmesan", "quantity": 1.0, "measure": "serving", "foodId": "food_a104ppxa06d3emb272fkcab3cugd"}]}, "Pressure-Cooker Spaghetti Squash": {"url": "http://www.eatingwell.com/recipe/266630/pressure-cooker-spaghetti-squash/", "healthLabels": ["Kidney-Friendly", "Vegan", "Vegetarian", "Pescatarian", "Paleo", "Mediterranean", "DASH", "Dairy-Free", "Gluten-Free", "Wheat-Free", "Egg-Free", "Peanut-Free", "Tree-Nut-Free", "Soy-Free", "Fish-Free", "Shellfish-Free", "Pork-Free", "Red-Meat-Free", "Crustacean-Free", "Celery-Free", "Mustard-Free", "Sesame-Free", "Lupine-Free", "Mollusk-Free", "Alcohol-Free", "No oil added", "Sulfite-Free", "FODMAP-Free", "Kosher"], "calories": 276, "totalTime": 15.0, "cuisineType": "chinese", "imageName": "193.jpg", "ingredients": [{"food": "spaghetti squash", "quantity": 2.75, "measure": "pound", "foodId": "food_bj1y3fnbefpaaoagd8c1dad4mdhr"}, {"food": "salt", "quantity": 0.25, "measure": "teaspoon", "foodId": "food_btxz81db72hwbra2pncvebzzzum9"}, {"food": "pepper", "quantity": 0.25, "measure": "teaspoon", "foodId": "food_b6ywzluaaxv02wad7s1r9ag4py89"}]}}}