{"sushi": {"Sushi rolls": {"url": "http://www.jamieoliver.com/recipes/rice-recipes/sushi-rolls/", "healthLabels": ["Sugar-Conscious", "Vegan", "Vegetarian", "Pescatarian", "Mediterranean", "DASH", "Dairy-Free", "Gluten-Free", "Wheat-Free", "Egg-Free", "Peanut-Free", "Tree-Nut-Free", "Soy-Free", "Fish-Free", "Shellfish-Free", "Pork-Free", "Red-Meat-Free", "Crustacean-Free", "Celery-Free", "Mustard-Free", "Sesame-Free", "Lupine-Free", "Mollusk-Free", "Alcohol-Free", "No oil added", "Sulfite-Free", "Kosher"], "calories": 878, "totalTime": 50.0, "cuisineType": "japanese", "imageName": "147.jpg", "ingredients": [{"food": "rice", "quantity": 200.0, "measure": "gram", "foodId": "food_bpumdjzb5rtqaeabb0kbgbcgr4t9"}, {"food": "rice vinegar", "quantity": 1.0, "measure": "tablespoon", "foodId": "food_axlcd4tack2d20bveizm4ayu0h2w"}, {"food": "nori", "quantity": 2.0, "measure": "sheet", "foodId": "food_bn5prizbgsrr0tact46ataaj7b5p"}, {"food": "cucumber", "quantity": 0.25, "measure": "<unit>", "foodId": "food_bv7aggjag9rxsaatklqzobca5fzn"}, {"food": "red pepper", "quantity": 0.25, "measure": "<unit>", "foodId": "food_a8g63g7ak6bnmvbu7agxibp4a0dy"}, {"food": "carrot", "quantity": 0.5, "measure": "<unit>", "foodId": "food_ai215e5b85pdh5ajd4aafa3w2zm8"}, {"food": "avocado", "quantity": 0.5, "measure": "<unit>", "foodId": "food_b0yuze4b1g3afpanijno5abtiu28"}]}, "Perfect Sushi Rice": {"url": "http://thepioneerwoman.com/cooking/2009/01/perfect-sushi-rice/", "healthLabels": ["Low Potassium", "Kidney-Friendly", "Vegan", "Vegetarian", "Pescatarian", "Dairy-Free", "Gluten-Free", "Wheat-Free", "Egg-Free", "Peanut-Free", "Tree-Nut-Free", "Soy-Free", "Fish-Free", "Shellfish-Free", "Pork-Free", "Red-Meat-Free", "Crustacean-Free", "Celery-Free", "Mustard-Free", "Sesame-Free", "Lupine-Free", "Mollusk-Free", "No oil added", "Kosher"], "calories": 510, "totalTime": 0.0, "cuisineType": "japanese", "imageName": "148.jpg", "ingredients": [{"food": "rice wine vinegar", "quantity": 1.0, "measure": "cup", "foodId": "food_axlcd4tack2d20bveizm4ayu0h2w"}, {"food": "sugar", "quantity": 0.5, "measure": "cup", "foodId": "food_axi2ijobrk819yb0adceobnhm1c2"}, {"food": "sake", "quantity": 0.25, "measure": "cup", "foodId": "food_b4lx3glaxob844b6jpzb8ay9men8"}, {"food": "rice", "quantity": 4.0, "measure": "grain", "foodId": "food_bpumdjzb5rtqaeabb0kbgbcgr4t9"}]}, "Easy Salmon Sushi": {"url": "http://www.bbcgoodfood.com/recipes/4956/", "healthLabels": ["Sugar-Conscious", "Low Potassium", "Kidney-Friendly", "Pescatarian", "Dairy-Free", "Gluten-Free", "Wheat-Free", "Egg-Free", "Peanut-Free", "Tree-Nut-Free", "Soy-Free", "Shellfish-Free", "Pork-Free", "Red-Meat-Free", "Crustacean-Free", "Celery-Free", "Mustard-Free", "Sesame-Free", "Lupine-Free", "Mollusk-Free", "Alcohol-Free", "No oil added", "FODMAP-Free", "Kosher"], "calories": 1371, "totalTime": 0.0, "cuisineType": "nordic", "imageName": "149.jpg", "ingredients": [{"food": "rice", "quantity": 300.0, "measure": "gram", "foodId": "food_bpumdjzb5rtqaeabb0kbgbcgr4t9"}, {"food": "smoked salmon", "quantity": 200.0, "measure": "gram", "foodId": "food_a6rqub2a7zak4tb5v5s1saf99j1b"}, {"food": "rice wine vinegar", "quantity": 4.0, "measure": "tablespoon", "foodId": "food_axlcd4tack2d20bveizm4ayu0h2w"}, {"food": "caster sugar", "quantity": 1.0, "measure": "tablespoon", "foodId": "food_b83hz1dbrydiwzag8btahb15lu4l"}]}, "Nigiri Sushi": {"url": "http://www.thedailymeal.com/recipes/nigiri-sushi-recipe-0", "healthLabels": ["Sugar-Conscious", "Pescatarian", "Mediterranean", "Dairy-Free", "Gluten-Free", "Wheat-Free", "Egg-Free", "Peanut-Free", "Tree-Nut-Free", "Soy-Free", "Shellfish-Free", "Pork-Free", "Red-Meat-Free", "Crustacean-Free", "Celery-Free", "Mustard-Free", "Sesame-Free", "Lupine-Free", "Mollusk-Free", "Alcohol-Free", "No oil added", "Sulfite-Free", "FODMAP-Free", "Kosher"], "calories": 2511, "totalTime": 0.0, "cuisineType": "japanese", "imageName": "150.jpg", "ingredients": [{"food": "rice", "quantity": 3.3333333333333335, "measure": "cup", "foodId": "food_bpumdjzb5rtqaeabb0kbgbcgr4t9"}, {"food": "water", "quantity": 4.0, "measure": "cup", "foodId": "food_a99vzubbk1ayrsad318rvbzr3dh0"}, {"food": "sushi vinegar", "quantity": 5.333333333333333, "measure": "tablespoon", "foodId": "food_bot0mjyb2tvaugbdj6pd5b0571yj"}, {"food": "tuna", "quantity": 5.0, "measure": "ounce", "foodId": "food_bu5s7alaj4fjv8bf9qxvnba38oay"}, {"food": "salt", "quantity": 0.0, "measure": null, "foodId": "food_btxz81db72hwbra2pncvebzzzum9"}]}, "Veggie Sushi Rolls": {"url": "https://www.epicurious.com/recipes/food/views/veggie-sushi-rolls-367009", "healthLabels": ["Vegan", "Vegetarian", "Pescatarian", "Mediterranean", "Dairy-Free", "Egg-Free", "Peanut-Free", "Tree-Nut-Free", "Fish-Free", "Shellfish-Free", "Pork-Free", "Red-Meat-Free", "Crustacean-Free", "Celery-Free", "Mustard-Free", "Lupine-Free", "Mollusk-Free", "Alcohol-Free", "No oil added", "Kosher"], "calories": 384, "totalTime": 0.0, "cuisineType": "japanese", "imageName": "151.jpg", "ingredients": [{"food": "cooked sushi rice", "quantity": 6.0, "measure": "ounce", "foodId": "food_brqcp7fardef20b44y8riax4k0yz"}, {"food": "rice vinegar", "quantity": 1.0, "measure": "teaspoon", "foodId": "food_axlcd4tack2d20bveizm4ayu0h2w"}, {"food": "nori", "quantity": 1.0, "measure": "sheet", "foodId": "food_bn5prizbgsrr0tact46ataaj7b5p"}, {"food": "sesame seeds", "quantity": 1.0, "measure": "tablespoon", "foodId": "food_bvxfnx8bwz2q3abs04kd6bbuf9w8"}, {"food": "english cucumber", "quantity": 0.25, "measure": "<unit>", "foodId": "food_bv7aggjag9rxsaatklqzobca5fzn"}, {"food": "carrot", "quantity": 0.5, "measure": "<unit>", "foodId": "food_ai215e5b85pdh5ajd4aafa3w2zm8"}, {"food": "avocado", "quantity": 0.25, "measure": "<unit>", "foodId": "food_b0yuze4b1g3afpanijno5abtiu28"}, {"food": "soy sauce", "quantity": 0.0, "measure": null, "foodId": "food_a5g9yevb1iactoaiimbvjbkrxueh"}, {"food": "ginger", "quantity": 0.0, "measure": null, "foodId": "food_bi2ki2xb5zmmvbaiwf7ztbgktzp6"}]}, "Sushi Rice And Seasoning": {"url": "http://www.donalskehan.com/2011/03/sushi-rice-and-seasoning/", "healthLabels": ["Low Potassium", "Vegan", "Vegetarian", "Pescatarian", "Dairy-Free", "Gluten-Free", "Wheat-Free", "Egg-Free", "Peanut-Free", "Tree-Nut-Free", "Soy-Free", "Fish-Free", "Shellfish-Free", "Pork-Free", "Red-Meat-Free", "Crustacean-Free", "Celery-Free", "Mustard-Free", "Sesame-Free", "Lupine-Free", "Mollusk-Free", "Alcohol-Free", "No oil added", "FODMAP-Free", "Kosher"], "calories": 2178, "totalTime": 0.0, "cuisineType": "japanese", "imageName": "152.jpg", "ingredients": [{"food": "rice", "quantity": 250.0, "measure": "gram", "foodId": "food_bpumdjzb5rtqaeabb0kbgbcgr4t9"}, {"food": "water", "quantity": 325.0, "measure": "milliliter", "foodId": "food_a99vzubbk1ayrsad318rvbzr3dh0"}, {"food": "seasoning", "quantity": 2.0, "measure": "tablespoon", "foodId": "food_aj7w3xab0epj7cbgkbkpwadysovd"}, {"food": "rice vinegar", "quantity": 500.0, "measure": "milliliter", "foodId": "food_axlcd4tack2d20bveizm4ayu0h2w"}, {"food": "sugar", "quantity": 300.0, "measure": "gram", "foodId": "food_axi2ijobrk819yb0adceobnhm1c2"}, {"food": "salt", "quantity": 150.0, "measure": "gram", "foodId": "food_btxz81db72hwbra2pncvebzzzum9"}]}, "Crisp Sushi-Rice Cakes": {"url": "http://www.foodandwine.com/recipes/crisp-sushi-rice-cakes", "healthLabels": ["Sugar-Conscious", "Low Potassium", "Kidney-Friendly", "Vegan", "Vegetarian", "Pescatarian", "Dairy-Free", "Gluten-Free", "Wheat-Free", "Egg-Free", "Peanut-Free", "Tree-Nut-Free", "Soy-Free", "Fish-Free", "Shellfish-Free", "Pork-Free", "Red-Meat-Free", "Crustacean-Free", "Celery-Free", "Mustard-Free", "Sesame-Free", "Lupine-Free", "Mollusk-Free", "Kosher"], "calories": 999, "totalTime": 0.0, "cuisineType": "japanese", "imageName": "153.jpg", "ingredients": [{"food": "rice", "quantity": 1.0, "measure": "cup", "foodId": "food_bpumdjzb5rtqaeabb0kbgbcgr4t9"}, {"food": "water", "quantity": 1.5, "measure": "cup", "foodId": "food_a99vzubbk1ayrsad318rvbzr3dh0"}, {"food": "mirin", "quantity": 0.5, "measure": "tablespoon", "foodId": "food_bm83c4ob7z5q3xac1potzakndqbv"}, {"food": "rice vinegar", "quantity": 0.5, "measure": "teaspoon", "foodId": "food_axlcd4tack2d20bveizm4ayu0h2w"}, {"food": "sugar", "quantity": 0.5, "measure": "teaspoon", "foodId": "food_axi2ijobrk819yb0adceobnhm1c2"}, {"food": "salt", "quantity": 0.0, "measure": null, "foodId": "food_btxz81db72hwbra2pncvebzzzum9"}, {"food": "vegetable oil", "quantity": 0.0, "measure": null, "foodId": "food_bt1mzi2ah2sfg8bv7no1qai83w8s"}]}, "Smoked Salmon Sushi": {"url": "http://www.donnahay.com.au/recipes/fastfood/nibbles/smoked-salmon-sushi", "healthLabels": ["Pescatarian", "Dairy-Free", "Egg-Free", "Peanut-Free", "Tree-Nut-Free", "Shellfish-Free", "Pork-Free", "Red-Meat-Free", "Crustacean-Free", "Celery-Free", "Mustard-Free", "Sesame-Free", "Lupine-Free", "Mollusk-Free", "Alcohol-Free", "No oil added", "Kosher"], "calories": 1534, "totalTime": 0.0, "cuisineType": "nordic", "imageName": "154.jpg", "ingredients": [{"food": "rice", "quantity": 330.0, "measure": "gram", "foodId": "food_bpumdjzb5rtqaeabb0kbgbcgr4t9"}, {"food": "water", "quantity": 435.0, "measure": "milliliter", "foodId": "food_a99vzubbk1ayrsad318rvbzr3dh0"}, {"food": "rice wine vinegar", "quantity": 60.0, "measure": "milliliter", "foodId": "food_axlcd4tack2d20bveizm4ayu0h2w"}, {"food": "sugar", "quantity": 2.0, "measure": "tablespoon", "foodId": "food_axi2ijobrk819yb0adceobnhm1c2"}, {"food": "sea salt", "quantity": 2.0, "measure": "teaspoon", "foodId": "food_a1vgrj1bs8rd1majvmd9ubz8ttkg"}, {"food": "smoked salmon", "quantity": 200.0, "measure": "gram", "foodId": "food_a6rqub2a7zak4tb5v5s1saf99j1b"}, {"food": "wasabi paste", "quantity": 1.0, "measure": "teaspoon", "foodId": "food_b18ctxdbw2ktnpbejotkwbnalyrj"}, {"food": "nori", "quantity": 2.0, "measure": "sheet", "foodId": "food_bn5prizbgsrr0tact46ataaj7b5p"}, {"food": "soy sauce", "quantity": 0.0, "measure": null, "foodId": "food_a5g9yevb1iactoaiimbvjbkrxueh"}]}}}