{"taco": {"Classic Taco Salad": {"url": "http://www.marthastewart.com/338578/taco-salad", "healthLabels": ["Vegetarian", "Pescatarian", "Egg-Free", "Peanut-Free", "Tree-Nut-Free", "Soy-Free", "Fish-Free", "Shellfish-Free", "Pork-Free", "Red-Meat-Free", "Crustacean-Free", "Celery-Free", "Mustard-Free", "Sesame-Free", "Lupine-Free", "Mollusk-Free", "Alcohol-Free", "Sulfite-Free", "Kosher"], "calories": 1246, "totalTime": 20.0, "cuisineType": "american", "imageName": "119.jpg", "ingredients": [{"food": "romaine lettuce", "quantity": 1.0, "measure": "head", "foodId": "food_bfmb5cybk1o247bmrmry4a6jvp60"}, {"food": "avocado", "quantity": 1.0, "measure": "<unit>", "foodId": "food_b0yuze4b1g3afpanijno5abtiu28"}, {"food": "plum tomatoes", "quantity": 2.0, "measure": "<unit>", "foodId": "food_ab8jymba5i5xv3apgymg7a90bxb5"}, {"food": "tortilla chips", "quantity": 2.0, "measure": "cup", "foodId": "food_bkxl9s9bpcxmenbef89qbbofifnr"}, {"food": "salsa", "quantity": 0.25, "measure": "cup", "foodId": "food_b0t3obfawlm5k2b6erxscacez35u"}, {"food": "taco", "quantity": 3.0, "measure": "<unit>", "foodId": "food_amx6njaaa4q9lsaz4k98faejx12a"}, {"food": "sour cream", "quantity": 0.0, "measure": null, "foodId": "food_adp9fcubzl3lr7bcvzn3rbfiiiwq"}, {"food": "monterey jack", "quantity": 0.0, "measure": null, "foodId": "food_atp17pta7d5it2a80ct13ard6aj3"}, {"food": "cheese", "quantity": 0.0, "measure": null, "foodId": "food_bhppgmha1u27voagb8eptbp9g376"}]}, "Chicken taco salad": {"url": "http://www.bbcgoodfood.com/recipes/chicken-taco-salad", "healthLabels": ["Mediterranean", "Egg-Free", "Peanut-Free", "Tree-Nut-Free", "Soy-Free", "Fish-Free", "Shellfish-Free", "Pork-Free", "Red-Meat-Free", "Crustacean-Free", "Celery-Free", "Mustard-Free", "Sesame-Free", "Lupine-Free", "Mollusk-Free", "Alcohol-Free", "Sulfite-Free"], "calories": 533, "totalTime": 10.0, "cuisineType": "mexican", "imageName": "120.jpg", "ingredients": [{"food": "olive oil", "quantity": 0.25, "measure": "teaspoon", "foodId": "food_b1d1icuad3iktrbqby0hiagafaz7"}, {"food": "cream", "quantity": 2.0, "measure": "tablespoon", "foodId": "food_bvhbvd7bwy6a7wamfrmvmbmen1sz"}, {"food": "white wine vinegar", "quantity": 1.0, "measure": "teaspoon", "foodId": "food_ai77igmb8f0rj6blsokr8bxx5n2n"}, {"food": "lettuce", "quantity": 1.0, "measure": "<unit>", "foodId": "food_bf5fxtkbc9alwoajuvsi7amonr5w"}, {"food": "sweetcorn", "quantity": 50.0, "measure": "gram", "foodId": "food_b4wvre6b14mmkpaa22d8ybup8q51"}, {"food": "cherry tomatoes", "quantity": 5.0, "measure": "<unit>", "foodId": "food_a30b0hpbvavginafe0tocbf6ymje"}, {"food": "chicken", "quantity": 75.0, "measure": "gram", "foodId": "food_bmyxrshbfao9s1amjrvhoauob6mo"}, {"food": "lime", "quantity": 1.0, "measure": "<unit>", "foodId": "food_av58muyb8kg92fbk0g8g8aui5knv"}, {"food": "avocado", "quantity": 0.5, "measure": "<unit>", "foodId": "food_b0yuze4b1g3afpanijno5abtiu28"}, {"food": "taco shell", "quantity": 1.0, "measure": "<unit>", "foodId": "food_amx6njaaa4q9lsaz4k98faejx12a"}]}, "Taco Potatoes": {"url": "https://www.foodnetwork.com/recipes/ree-drummond/taco-potatoes-2780315", "healthLabels": ["Sugar-Conscious", "Vegan", "Vegetarian", "Pescatarian", "Mediterranean", "DASH", "Dairy-Free", "Gluten-Free", "Wheat-Free", "Egg-Free", "Peanut-Free", "Tree-Nut-Free", "Soy-Free", "Fish-Free", "Shellfish-Free", "Pork-Free", "Red-Meat-Free", "Crustacean-Free", "Celery-Free", "Mustard-Free", "Sesame-Free", "Lupine-Free", "Mollusk-Free", "Alcohol-Free", "Sulfite-Free", "Kosher"], "calories": 2856, "totalTime": 50.0, "cuisineType": "mexican", "imageName": "121.jpg", "ingredients": [{"food": "russet potatoes", "quantity": 5.0, "measure": "pound", "foodId": "food_brsjy86bq09pzgbmr4ri8bnohrf7"}, {"food": "olive oil", "quantity": 0.5, "measure": "cup", "foodId": "food_b1d1icuad3iktrbqby0hiagafaz7"}, {"food": "taco seasoning", "quantity": 0.25, "measure": "cup", "foodId": "food_boffkg3ap17ef6a47lzm6b655i8w"}]}, "Vegetarian Taco Chili": {"url": "https://food52.com/recipes/15992-vegetarian-taco-chili", "healthLabels": ["Vegan", "Vegetarian", "Pescatarian", "Dairy-Free", "Gluten-Free", "Wheat-Free", "Egg-Free", "Peanut-Free", "Tree-Nut-Free", "Soy-Free", "Fish-Free", "Shellfish-Free", "Pork-Free", "Red-Meat-Free", "Crustacean-Free", "Celery-Free", "Mustard-Free", "Sesame-Free", "Lupine-Free", "Mollusk-Free", "Alcohol-Free", "Sulfite-Free", "Kosher"], "calories": 1919, "totalTime": 385.0, "cuisineType": "american", "imageName": "122.jpg", "ingredients": [{"food": "oil", "quantity": 2.0, "measure": "tablespoon", "foodId": "food_bk9p9aaavhvoq4bqsnprobpsiuxs"}, {"food": "jalapeno", "quantity": 1.0, "measure": "<unit>", "foodId": "food_b7txsnbadj6plsbq27zvwah80r6y"}, {"food": "onion", "quantity": 1.0, "measure": "<unit>", "foodId": "food_bmrvi4ob4binw9a5m7l07amlfcoy"}, {"food": "garlic", "quantity": 2.0, "measure": "clove", "foodId": "food_avtcmx6bgjv1jvay6s6stan8dnyp"}, {"food": "brown rice", "quantity": 0.75, "measure": "cup", "foodId": "food_aro09r9avsklizbsberuoaegj0uh"}, {"food": "seasoning", "quantity": 1.0, "measure": "package", "foodId": "food_aj7w3xab0epj7cbgkbkpwadysovd"}, {"food": "can diced tomatoes", "quantity": 15.0, "measure": "ounce", "foodId": "food_a0edr25b8gjzxdbxcvus4blkd8b8"}, {"food": "salsa", "quantity": 0.5, "measure": "cup", "foodId": "food_b0t3obfawlm5k2b6erxscacez35u"}, {"food": "black beans", "quantity": 15.0, "measure": "ounce", "foodId": "food_bazzo85azdbkmsb56nu4ra5rphoe"}, {"food": "kidney beans", "quantity": 15.0, "measure": "ounce", "foodId": "food_am0w9t7ai5eemqaub48ycanomm8i"}, {"food": "corn", "quantity": 11.0, "measure": "ounce", "foodId": "food_b26mh3ubkdgxt3bcvqqu3a0mm6fr"}, {"food": "vegetable broth", "quantity": 1.0, "measure": "quart", "foodId": "food_bb2qjrjamst0vmam39stubtkmrs4"}]}, "Fresh Tuna Tacos": {"url": "https://www.epicurious.com/recipes/food/views/fresh-tuna-tacos-104809", "healthLabels": ["Sugar-Conscious", "Pescatarian", "Mediterranean", "Egg-Free", "Peanut-Free", "Tree-Nut-Free", "Soy-Free", "Shellfish-Free", "Pork-Free", "Red-Meat-Free", "Crustacean-Free", "Celery-Free", "Mustard-Free", "Sesame-Free", "Lupine-Free", "Mollusk-Free", "Alcohol-Free", "Sulfite-Free", "Kosher"], "calories": 805, "totalTime": 0.0, "cuisineType": "mexican", "imageName": "123.jpg", "ingredients": [{"food": "sour cream", "quantity": 0.3333333333333333, "measure": "cup", "foodId": "food_adp9fcubzl3lr7bcvzn3rbfiiiwq"}, {"food": "red onion", "quantity": 0.25, "measure": "cup", "foodId": "food_bmrvi4ob4binw9a5m7l07amlfcoy"}, {"food": "cilantro", "quantity": 3.0, "measure": "tablespoon", "foodId": "food_alhzhuwb4lc7jnb5s6f02by60bzp"}, {"food": "chipotle chilies", "quantity": 1.0, "measure": "teaspoon", "foodId": "food_bumzpysb5k05cibmscqp2a0fwgpa"}, {"food": "tuna steak", "quantity": 8.0, "measure": "ounce", "foodId": "food_bu5s7alaj4fjv8bf9qxvnba38oay"}, {"food": "taco seasoning", "quantity": 1.0, "measure": "tablespoon", "foodId": "food_boffkg3ap17ef6a47lzm6b655i8w"}, {"food": "vegetable oil", "quantity": 1.0, "measure": "tablespoon", "foodId": "food_bt1mzi2ah2sfg8bv7no1qai83w8s"}, {"food": "taco shells", "quantity": 4.0, "measure": "<unit>", "foodId": "food_amx6njaaa4q9lsaz4k98faejx12a"}]}, "Taco Pie": {"url": "http://www.thedailymeal.com/recipes/taco-pie-recipe-8", "healthLabels": ["Egg-Free", "Peanut-Free", "Tree-Nut-Free", "Soy-Free", "Fish-Free", "Shellfish-Free", "Pork-Free", "Crustacean-Free", "Celery-Free", "Mustard-Free", "Sesame-Free", "Lupine-Free", "Mollusk-Free", "Alcohol-Free", "Sulfite-Free"], "calories": 3452, "totalTime": 0.0, "cuisineType": "mexican", "imageName": "124.jpg", "ingredients": [{"food": "refrigerated crescent rolls", "quantity": 8.0, "measure": "ounce", "foodId": "food_apqpbdfbujbtraane617eaxwsjcw"}, {"food": "ground beef", "quantity": 1.0, "measure": "pound", "foodId": "food_boq91pbbhklr6sb0d9sbybzgklkm"}, {"food": "taco seasoning", "quantity": 1.0, "measure": "ounce", "foodId": "food_boffkg3ap17ef6a47lzm6b655i8w"}, {"food": "water", "quantity": 0.75, "measure": "cup", "foodId": "food_a99vzubbk1ayrsad318rvbzr3dh0"}, {"food": "taco", "quantity": 2.0, "measure": "<unit>", "foodId": "food_amx6njaaa4q9lsaz4k98faejx12a"}, {"food": "sour cream", "quantity": 2.0, "measure": "cup", "foodId": "food_adp9fcubzl3lr7bcvzn3rbfiiiwq"}, {"food": "cheddar cheese", "quantity": 1.0, "measure": "cup", "foodId": "food_bhppgmha1u27voagb8eptbp9g376"}]}, "Taco Pizza": {"url": "http://thepioneerwoman.com/cooking/2011/05/taco-pizza/", "healthLabels": ["Sugar-Conscious", "Vegetarian", "Pescatarian", "Mediterranean", "Egg-Free", "Peanut-Free", "Tree-Nut-Free", "Soy-Free", "Fish-Free", "Shellfish-Free", "Pork-Free", "Red-Meat-Free", "Crustacean-Free", "Celery-Free", "Mustard-Free", "Sesame-Free", "Lupine-Free", "Mollusk-Free", "Alcohol-Free", "Sulfite-Free", "Kosher"], "calories": 4445, "totalTime": 0.0, "cuisineType": "italian", "imageName": "125.jpg", "ingredients": [{"food": "yeast", "quantity": 1.0, "measure": "teaspoon", "foodId": "food_a2xisx4br72i19btvvxgzayoelqj"}, {"food": "water", "quantity": 1.5, "measure": "cup", "foodId": "food_a99vzubbk1ayrsad318rvbzr3dh0"}, {"food": "all-purpose flour", "quantity": 4.0, "measure": "cup", "foodId": "food_ar3x97tbq9o9p6b6gzwj0am0c81l"}, {"food": "kosher salt", "quantity": 1.0, "measure": "teaspoon", "foodId": "food_a1vgrj1bs8rd1majvmd9ubz8ttkg"}, {"food": "olive oil", "quantity": 0.5, "measure": "cup", "foodId": "food_b1d1icuad3iktrbqby0hiagafaz7"}, {"food": "black beans", "quantity": 1.0, "measure": "ounce", "foodId": "food_bb53m3oaj7ee3fagvj9lka0r56t4"}, {"food": "taco seasoning", "quantity": 1.0, "measure": "teaspoon", "foodId": "food_boffkg3ap17ef6a47lzm6b655i8w"}, {"food": "corn tortillas", "quantity": 4.0, "measure": "<unit>", "foodId": "food_bhw0b95agm97s0abfignnb8fsvb3"}, {"food": "canola oil", "quantity": 0.5, "measure": "cup", "foodId": "food_bk9p9aaavhvoq4bqsnprobpsiuxs"}, {"food": "sharp cheddar", "quantity": 1.0, "measure": "cup", "foodId": "food_amcrzhtbg40i7zblkm02ias4oy40"}, {"food": "jack cheese", "quantity": 1.0, "measure": "cup", "foodId": "food_atp17pta7d5it2a80ct13ard6aj3"}, {"food": "lettuce", "quantity": 1.0, "measure": "leaf", "foodId": "food_bf5fxtkbc9alwoajuvsi7amonr5w"}, {"food": "tomatoes", "quantity": 2.0, "measure": "<unit>", "foodId": "food_a6k79rrahp8fe2b26zussa3wtkqh"}, {"food": "cilantro leaves", "quantity": 0.5, "measure": "cup", "foodId": "food_alhzhuwb4lc7jnb5s6f02by60bzp"}, {"food": "sour cream", "quantity": 0.25, "measure": "cup", "foodId": "food_adp9fcubzl3lr7bcvzn3rbfiiiwq"}, {"food": "hot sauce", "quantity": 3.0, "measure": "tablespoon", "foodId": "food_a6201h1bu1m0tfbrvis6ma6nvhzv"}]}, "Taco Seasoned Ground Beef": {"url": "http://closetcooking.blogspot.com/2009/08/taco-seasoned-ground-beef.html", "healthLabels": ["Sugar-Conscious", "Kidney-Friendly", "Keto-Friendly", "Dairy-Free", "Gluten-Free", "Wheat-Free", "Egg-Free", "Peanut-Free", "Tree-Nut-Free", "Soy-Free", "Fish-Free", "Shellfish-Free", "Pork-Free", "Crustacean-Free", "Celery-Free", "Mustard-Free", "Sesame-Free", "Lupine-Free", "Mollusk-Free", "Alcohol-Free", "No oil added", "Kosher", "Immuno-Supportive"], "calories": 1175, "totalTime": 0.0, "cuisineType": "mexican", "imageName": "126.jpg", "ingredients": [{"food": "ground beef", "quantity": 1.0, "measure": "pound", "foodId": "food_boq91pbbhklr6sb0d9sbybzgklkm"}, {"food": "seasoning", "quantity": 1.0, "measure": "<unit>", "foodId": "food_aj7w3xab0epj7cbgkbkpwadysovd"}, {"food": "cornstarch", "quantity": 1.0, "measure": "teaspoon", "foodId": "food_bevnfkfbvjm45pbbgj9nsb3ypntm"}, {"food": "water", "quantity": 1.0, "measure": "cup", "foodId": "food_a99vzubbk1ayrsad318rvbzr3dh0"}]}, "Taco Lime Grilled Chicken": {"url": "https://www.closetcooking.com/taco-lime-grilled-chicken/", "healthLabels": ["Sugar-Conscious", "Keto-Friendly", "Mediterranean", "DASH", "Dairy-Free", "Gluten-Free", "Wheat-Free", "Egg-Free", "Peanut-Free", "Tree-Nut-Free", "Soy-Free", "Fish-Free", "Shellfish-Free", "Pork-Free", "Red-Meat-Free", "Crustacean-Free", "Celery-Free", "Mustard-Free", "Sesame-Free", "Lupine-Free", "Mollusk-Free", "Alcohol-Free", "No oil added", "Sulfite-Free", "Kosher"], "calories": 614, "totalTime": 0.0, "cuisineType": "mexican", "imageName": "127.jpg", "ingredients": [{"food": "taco seasoning", "quantity": 2.0, "measure": "tablespoon", "foodId": "food_boffkg3ap17ef6a47lzm6b655i8w"}, {"food": "lime juice", "quantity": 0.25, "measure": "cup", "foodId": "food_b0iywbmaujvd4eblrooo9bsvn7e6"}, {"food": "skinless chicken breasts", "quantity": 1.0, "measure": "pound", "foodId": "food_bdrxu94aj3x2djbpur8dhagfhkcn"}]}, "Taco Skillet": {"url": "http://www.delish.com/cooking/recipe-ideas/recipes/a45831/best-taco-skillet-recipe/", "healthLabels": ["Gluten-Free", "Wheat-Free", "Egg-Free", "Peanut-Free", "Tree-Nut-Free", "Soy-Free", "Fish-Free", "Shellfish-Free", "Pork-Free", "Crustacean-Free", "Celery-Free", "Mustard-Free", "Sesame-Free", "Lupine-Free", "Mollusk-Free", "Alcohol-Free", "No oil added", "Sulfite-Free"], "calories": 2197, "totalTime": 15.0, "cuisineType": "mexican", "imageName": "128.jpg", "ingredients": [{"food": "ground beef", "quantity": 1.0, "measure": "pound", "foodId": "food_boq91pbbhklr6sb0d9sbybzgklkm"}, {"food": "taco seasoning", "quantity": 1.0, "measure": "tablespoon", "foodId": "food_boffkg3ap17ef6a47lzm6b655i8w"}, {"food": "kosher salt", "quantity": 1.0, "measure": "teaspoon", "foodId": "food_a1vgrj1bs8rd1majvmd9ubz8ttkg"}, {"food": "can diced tomatoes", "quantity": 15.0, "measure": "ounce", "foodId": "food_a0edr25b8gjzxdbxcvus4blkd8b8"}, {"food": "black beans", "quantity": 15.0, "measure": "ounce", "foodId": "food_bazzo85azdbkmsb56nu4ra5rphoe"}, {"food": "green chilis", "quantity": 4.5, "measure": "ounce", "foodId": "food_acyan5ha6i5vuoazc71xdaevlntx"}, {"food": "cheese", "quantity": 1.0, "measure": "cup", "foodId": "food_bhppgmha1u27voagb8eptbp9g376"}, {"food": "scallions", "quantity": 0.0, "measure": null, "foodId": "food_bknlkyzbuzo27pb11whr4bttkuy6"}]}}}