{"turkey": {"Basic Turkey Gravy Recipe": {"url": "http://www.seriouseats.com/recipes/2013/11/basic-turkey-gravy-thanksgiving-recipe.html", "healthLabels": ["Sugar-Conscious", "Kidney-Friendly", "Egg-Free", "Peanut-Free", "Tree-Nut-Free", "Soy-Free", "Fish-Free", "Shellfish-Free", "Pork-Free", "Red-Meat-Free", "Crustacean-Free", "Celery-Free", "Mustard-Free", "Sesame-Free", "Lupine-Free", "Mollusk-Free", "Alcohol-Free", "Sulfite-Free"], "calories": 874, "totalTime": 25.0, "cuisineType": "american", "imageName": "194.jpg", "ingredients": [{"food": "butter", "quantity": 0.25, "measure": "cup", "foodId": "food_awz3iefajbk1fwahq9logahmgltj"}, {"food": "flour", "quantity": 0.25, "measure": "cup", "foodId": "food_ahebfs0a985an4aubqaebbipra58"}, {"food": "turkey stock", "quantity": 4.0, "measure": "cup", "foodId": "food_br4d1lpbopycuzbgrfdedanv8qv6"}, {"food": "kosher salt", "quantity": 0.0, "measure": null, "foodId": "food_a1vgrj1bs8rd1majvmd9ubz8ttkg"}, {"food": "black pepper", "quantity": 0.0, "measure": null, "foodId": "food_b6ywzluaaxv02wad7s1r9ag4py89"}]}, "Easy Turkey Stock": {"url": "http://ruhlman.com/2010/11/how-to-make-thanksgiving-gravy-it-starts-with-easy-turkey-stock/", "healthLabels": ["Sugar-Conscious", "Low Potassium", "Kidney-Friendly", "Keto-Friendly", "Dairy-Free", "Gluten-Free", "Wheat-Free", "Egg-Free", "Peanut-Free", "Tree-Nut-Free", "Soy-Free", "Fish-Free", "Shellfish-Free", "Crustacean-Free", "Mustard-Free", "Sesame-Free", "Lupine-Free", "Mollusk-Free", "Alcohol-Free", "No oil added", "Sulfite-Free", "Kosher"], "calories": 88, "totalTime": 246.0, "cuisineType": "american", "imageName": "195.jpg", "ingredients": [{"food": "turkey drumsticks", "quantity": 2.0, "measure": "<unit>", "foodId": "food_avlmn30bq74s0hb2zfldia401yab"}, {"food": "turkey wings", "quantity": 2.0, "measure": "<unit>", "foodId": "food_bsa7mnib0valf4b47g7hpa7yk9h1"}, {"food": "spanish onion", "quantity": 2.0, "measure": "<unit>", "foodId": "food_bmrvi4ob4binw9a5m7l07amlfcoy"}, {"food": "carrots", "quantity": 4.0, "measure": "<unit>", "foodId": "food_ai215e5b85pdh5ajd4aafa3w2zm8"}, {"food": "celery", "quantity": 4.0, "measure": "rib", "foodId": "food_bffeoksbyyur8ja4da73ub2xs57g"}, {"food": "bay leaves", "quantity": 3.0, "measure": "<unit>", "foodId": "food_asx39x4ayja4jab6ivj6zayvkblo"}, {"food": "peppercorns", "quantity": 1.0, "measure": "tablespoon", "foodId": "food_b6ywzluaaxv02wad7s1r9ag4py89"}, {"food": "tomato paste", "quantity": 0.25, "measure": "cup", "foodId": "food_auu2atfal07b6gbd1a5wsawy7u0s"}, {"food": "parsley", "quantity": 0.0, "measure": null, "foodId": "food_b244pqdazw24zobr5vqu2bf0uid8"}, {"food": "thyme", "quantity": 0.0, "measure": null, "foodId": "food_b3o3cj7a5gskecb0ufphtadnbfqb"}]}, "Easy turkey gravy": {"url": "https://www.bbcgoodfood.com/recipes/easy-turkey-gravy", "healthLabels": ["Sugar-Conscious", "Low Potassium", "Kidney-Friendly", "Keto-Friendly", "Mediterranean", "Dairy-Free", "Egg-Free", "Peanut-Free", "Tree-Nut-Free", "Soy-Free", "Fish-Free", "Shellfish-Free", "Pork-Free", "Red-Meat-Free", "Crustacean-Free", "Celery-Free", "Mustard-Free", "Sesame-Free", "Lupine-Free", "Mollusk-Free", "No oil added", "Kosher"], "calories": 357, "totalTime": 15.0, "cuisineType": "american", "imageName": "196.jpg", "ingredients": [{"food": "flour", "quantity": 2.0, "measure": "tablespoon", "foodId": "food_ahebfs0a985an4aubqaebbipra58"}, {"food": "turkey stock", "quantity": 700.0, "measure": "milliliter", "foodId": "food_br4d1lpbopycuzbgrfdedanv8qv6"}, {"food": "marsala", "quantity": 2.0, "measure": "tablespoon", "foodId": "food_bw2ziyiaoqtjc8abha34haszk8b9"}]}, "Turkey Avgolemono": {"url": "http://food52.com/recipes/32269-turkey-avgolemono", "healthLabels": ["Mediterranean", "Dairy-Free", "Gluten-Free", "Wheat-Free", "Peanut-Free", "Tree-Nut-Free", "Soy-Free", "Fish-Free", "Shellfish-Free", "Pork-Free", "Red-Meat-Free", "Crustacean-Free", "Celery-Free", "Mustard-Free", "Sesame-Free", "Lupine-Free", "Mollusk-Free", "Alcohol-Free", "Sulfite-Free", "Kosher"], "calories": 4463, "totalTime": 0.0, "cuisineType": "american", "imageName": "197.jpg", "ingredients": [{"food": "turkey stock", "quantity": 6.0, "measure": "quart", "foodId": "food_br4d1lpbopycuzbgrfdedanv8qv6"}, {"food": "eggs", "quantity": 12.0, "measure": "<unit>", "foodId": "food_bhpradua77pk16aipcvzeayg732r"}, {"food": "lemon juice", "quantity": 2.0, "measure": "cup", "foodId": "food_bglm6vxahuauteb0n6ynfbg9eryu"}, {"food": "cooked white rice", "quantity": 2.0, "measure": "cup", "foodId": "food_amwqvqubqnah33ayuze70bdzs5mk"}, {"food": "cooked chicken", "quantity": 4.0, "measure": "cup", "foodId": "food_a59p480aae04fubjz0yo7a5auh4m"}, {"food": "olive oil", "quantity": 1.0, "measure": "serving", "foodId": "food_b1d1icuad3iktrbqby0hiagafaz7"}, {"food": "parsley", "quantity": 1.0, "measure": "serving", "foodId": "food_b244pqdazw24zobr5vqu2bf0uid8"}]}, "Easy Roasted Dry-Brined Turkey": {"url": "https://www.marthastewart.com/1040384/roasted-dry-brined-turkey", "healthLabels": ["Dairy-Free", "Egg-Free", "Peanut-Free", "Tree-Nut-Free", "Soy-Free", "Fish-Free", "Shellfish-Free", "Pork-Free", "Red-Meat-Free", "Crustacean-Free", "Celery-Free", "Mustard-Free", "Sesame-Free", "Lupine-Free", "Mollusk-Free", "Alcohol-Free", "Sulfite-Free", "Kosher"], "calories": 2320, "totalTime": 240.0, "cuisineType": "american", "imageName": "198.jpg", "ingredients": [{"food": "turkey stock", "quantity": 14.0, "measure": "pound", "foodId": "food_br4d1lpbopycuzbgrfdedanv8qv6"}, {"food": "coarse salt", "quantity": 0.3333333333333333, "measure": "cup", "foodId": "food_a1vgrj1bs8rd1majvmd9ubz8ttkg"}, {"food": "black peppercorns", "quantity": 2.0, "measure": "tablespoon", "foodId": "food_b6ywzluaaxv02wad7s1r9ag4py89"}, {"food": "turkey", "quantity": 0.0, "measure": null, "foodId": "food_a9m7tjlaizm6qwb80yipna6dvd20"}]}, "Hot Turkey Sandwich recipes": {"url": "http://www.simplyrecipes.com/recipes/open_faced_turkey_and_gravy_sandwich/", "healthLabels": ["Sugar-Conscious", "Dairy-Free", "Egg-Free", "Peanut-Free", "Tree-Nut-Free", "Soy-Free", "Fish-Free", "Shellfish-Free", "Pork-Free", "Red-Meat-Free", "Crustacean-Free", "Celery-Free", "Mustard-Free", "Sesame-Free", "Lupine-Free", "Mollusk-Free", "Alcohol-Free", "Sulfite-Free", "Kosher"], "calories": 1277, "totalTime": 10.0, "cuisineType": "american", "imageName": "199.jpg", "ingredients": [{"food": "turkey meat", "quantity": 1.5, "measure": "pound", "foodId": "food_b2p8t3wa5ajr9zbin5oxvalxjuf0"}, {"food": "turkey gravy", "quantity": 0.5, "measure": "cup", "foodId": "food_ai6dlfkajjot91a0vvyk6a3e1h6a"}, {"food": "stock", "quantity": 0.0, "measure": null, "foodId": "food_bptblvzambd16nbhewqmhaw1rnh5"}, {"food": "bread", "quantity": 4.0, "measure": "slice", "foodId": "food_a3049hmbqj5wstaeeb3udaz6uaqv"}]}, "Turkey Soup": {"url": "http://www.saveur.com/article/Recipes/Turkey-Soup", "healthLabels": ["Sugar-Conscious", "Keto-Friendly", "Dairy-Free", "Egg-Free", "Peanut-Free", "Tree-Nut-Free", "Soy-Free", "Fish-Free", "Shellfish-Free", "Crustacean-Free", "Mustard-Free", "Sesame-Free", "Lupine-Free", "Mollusk-Free", "Alcohol-Free", "Sulfite-Free", "Kosher"], "calories": 8443, "totalTime": 0.0, "cuisineType": "american", "imageName": "200.jpg", "ingredients": [{"food": "turkey carcass", "quantity": 1.0, "measure": "<unit>", "foodId": "food_a9m7tjlaizm6qwb80yipna6dvd20"}, {"food": "stuffing", "quantity": 2.5, "measure": "cup", "foodId": "food_bsq0mlmaci65jya0s886xbzqtjxj"}, {"food": "turkey gravy", "quantity": 2.0, "measure": "cup", "foodId": "food_ai6dlfkajjot91a0vvyk6a3e1h6a"}, {"food": "carrots", "quantity": 3.0, "measure": "<unit>", "foodId": "food_ai215e5b85pdh5ajd4aafa3w2zm8"}, {"food": "celery", "quantity": 3.0, "measure": "rib", "foodId": "food_bffeoksbyyur8ja4da73ub2xs57g"}, {"food": "onion", "quantity": 1.0, "measure": "<unit>", "foodId": "food_bmrvi4ob4binw9a5m7l07amlfcoy"}, {"food": "parsley", "quantity": 0.5, "measure": "cup", "foodId": "food_b244pqdazw24zobr5vqu2bf0uid8"}, {"food": "bay leaf", "quantity": 1.0, "measure": "<unit>", "foodId": "food_asx39x4ayja4jab6ivj6zayvkblo"}, {"food": "dried thyme", "quantity": 2.0, "measure": "teaspoon", "foodId": "food_avsq22zadwyb5cb5sl1byaa4mbo8"}, {"food": "salt", "quantity": 0.0, "measure": null, "foodId": "food_btxz81db72hwbra2pncvebzzzum9"}]}, "Turkey Burgers": {"url": "http://honestcooking.com/turkey-burgers-recipe/", "healthLabels": ["Sugar-Conscious", "Keto-Friendly", "Dairy-Free", "Egg-Free", "Peanut-Free", "Tree-Nut-Free", "Soy-Free", "Shellfish-Free", "Pork-Free", "Red-Meat-Free", "Crustacean-Free", "Celery-Free", "Mustard-Free", "Sesame-Free", "Lupine-Free", "Mollusk-Free", "Alcohol-Free", "No oil added", "Sulfite-Free", "Kosher"], "calories": 696, "totalTime": 20.0, "cuisineType": "american", "imageName": "201.jpg", "ingredients": [{"food": "ground turkey", "quantity": 1.0, "measure": "pound", "foodId": "food_av7gav4bs6txmfb85t0ruapws8if"}, {"food": "salt", "quantity": 0.0, "measure": null, "foodId": "food_btxz81db72hwbra2pncvebzzzum9"}, {"food": "onion", "quantity": 0.5, "measure": "<unit>", "foodId": "food_bmrvi4ob4binw9a5m7l07amlfcoy"}, {"food": "worcester sauce", "quantity": 1.0, "measure": "dash", "foodId": "food_ahb8mscbejo58ubexo0itam1i74g"}]}, "Cinnamon Harissa Turkey": {"url": "http://norecipes.com/blog/2008/12/06/cinnamon-harissa-turkey/", "healthLabels": ["Keto-Friendly", "Dairy-Free", "Gluten-Free", "Wheat-Free", "Egg-Free", "Peanut-Free", "Tree-Nut-Free", "Soy-Free", "Fish-Free", "Shellfish-Free", "Pork-Free", "Red-Meat-Free", "Crustacean-Free", "Celery-Free", "Mustard-Free", "Sesame-Free", "Lupine-Free", "Mollusk-Free", "Alcohol-Free", "Kosher"], "calories": 8141, "totalTime": 0.0, "cuisineType": "american", "imageName": "202.jpg", "ingredients": [{"food": "turkey", "quantity": 1.0, "measure": "<unit>", "foodId": "food_a9m7tjlaizm6qwb80yipna6dvd20"}, {"food": "water", "quantity": 1.0, "measure": "gram", "foodId": "food_a99vzubbk1ayrsad318rvbzr3dh0"}, {"food": "kosher salt", "quantity": 2.0, "measure": "cup", "foodId": "food_a1vgrj1bs8rd1majvmd9ubz8ttkg"}, {"food": "brown sugar", "quantity": 0.75, "measure": "cup", "foodId": "food_aodgtqwbmeu5f6bxeffn0art3bga"}, {"food": "cloves", "quantity": 15.0, "measure": "<unit>", "foodId": "food_abb00nxbw761ggavcuto7b3mw1s0"}, {"food": "black pepper", "quantity": 0.0, "measure": null, "foodId": "food_b6ywzluaaxv02wad7s1r9ag4py89"}, {"food": "garlic", "quantity": 4.0, "measure": "clove", "foodId": "food_avtcmx6bgjv1jvay6s6stan8dnyp"}, {"food": "cinnamon", "quantity": 2.0, "measure": "teaspoon", "foodId": "food_atjxtznauw5zabaixm24xa787onz"}, {"food": "sumac", "quantity": 1.0, "measure": "teaspoon", "foodId": "food_a8iooz3aris8gba605l07brngnrx"}, {"food": "coriander seed", "quantity": 0.5, "measure": "teaspoon", "foodId": "food_afpcy6rb44nx6gbfff63ga2cqksw"}, {"food": "cumin", "quantity": 0.5, "measure": "teaspoon", "foodId": "food_a8jjbx4biqndasapojdb5by3e92e"}, {"food": "olive oil", "quantity": 4.0, "measure": "tablespoon", "foodId": "food_b1d1icuad3iktrbqby0hiagafaz7"}, {"food": "harissa", "quantity": 2.0, "measure": "tablespoon", "foodId": "food_ayjzfd9bhvwqorb6m5iq3bekq7cj"}]}, "Turkey Gravy recipes": {"url": "http://thepioneerwoman.com/food-and-friends/thanksgiving-dinner-how-to-make-gravy/", "healthLabels": ["Dairy-Free", "Egg-Free", "Peanut-Free", "Tree-Nut-Free", "Soy-Free", "Fish-Free", "Shellfish-Free", "Pork-Free", "Red-Meat-Free", "Crustacean-Free", "Mustard-Free", "Sesame-Free", "Lupine-Free", "Mollusk-Free", "Alcohol-Free", "Sulfite-Free", "Kosher"], "calories": 4458, "totalTime": 75.0, "cuisineType": "american", "imageName": "203.jpg", "ingredients": [{"food": "turkey legs", "quantity": 3.5, "measure": "pound", "foodId": "food_bk225dhawwsk75b2ihq0vbyklcey"}, {"food": "turkey necks", "quantity": 1.0, "measure": "pound", "foodId": "food_ae6sr37a7i6dv2b3hd2lpb116hg1"}, {"food": "onion", "quantity": 1.0, "measure": "<unit>", "foodId": "food_bmrvi4ob4binw9a5m7l07amlfcoy"}, {"food": "carrot", "quantity": 1.0, "measure": "<unit>", "foodId": "food_ai215e5b85pdh5ajd4aafa3w2zm8"}, {"food": "celery", "quantity": 1.0, "measure": "stalk", "foodId": "food_bffeoksbyyur8ja4da73ub2xs57g"}, {"food": "parsley", "quantity": 4.0, "measure": "sprig", "foodId": "food_b244pqdazw24zobr5vqu2bf0uid8"}, {"food": "thyme", "quantity": 4.0, "measure": "sprig", "foodId": "food_b3o3cj7a5gskecb0ufphtadnbfqb"}, {"food": "bay leaf", "quantity": 1.0, "measure": "<unit>", "foodId": "food_asx39x4ayja4jab6ivj6zayvkblo"}, {"food": "turkey", "quantity": 1.0, "measure": "cup", "foodId": "food_a9m7tjlaizm6qwb80yipna6dvd20"}, {"food": "turkey stock", "quantity": 6.0, "measure": "cup", "foodId": "food_br4d1lpbopycuzbgrfdedanv8qv6"}, {"food": "turkey fat", "quantity": 0.3333333333333333, "measure": "cup", "foodId": "food_bgu5v26b45u9xmadnktz9b6oo7nr"}, {"food": "flour", "quantity": 0.3333333333333333, "measure": "cup", "foodId": "food_ahebfs0a985an4aubqaebbipra58"}, {"food": "fresh thyme", "quantity": 1.0, "measure": "teaspoon", "foodId": "food_b3o3cj7a5gskecb0ufphtadnbfqb"}, {"food": "fresh sage", "quantity": 1.0, "measure": "teaspoon", "foodId": "food_b00mwy0bne9gs4au15ja8ab10h0e"}]}}}