{"wrap": {"Katsu curry wrap": {"url": "https://www.bbcgoodfood.com/recipes/katsu-curry-wrap", "healthLabels": ["Sugar-Conscious", "Mediterranean", "Dairy-Free", "Egg-Free", "Peanut-Free", "Tree-Nut-Free", "Soy-Free", "Fish-Free", "Shellfish-Free", "Pork-Free", "Red-Meat-Free", "Crustacean-Free", "Celery-Free", "Mustard-Free", "Sesame-Free", "Lupine-Free", "Mollusk-Free", "Alcohol-Free", "Sulfite-Free", "Kosher"], "calories": 2677, "totalTime": 10.0, "cuisineType": "indian", "imageName": "101.jpg", "ingredients": [{"food": "chicken", "quantity": 400.0, "measure": "gram", "foodId": "food_bmyxrshbfao9s1amjrvhoauob6mo"}, {"food": "curry", "quantity": 280.0, "measure": "gram", "foodId": "food_ao4koeoajh7yjxaq2knzrbv55y8o"}, {"food": "wrap", "quantity": 4.0, "measure": "tortilla", "foodId": "food_a9ql6pdb639bs5b2nlvbob3w0mlj"}, {"food": "vegetables", "quantity": 250.0, "measure": "gram", "foodId": "food_bitqzx8b319psvbib2dufarphbxy"}]}, "Mediterranean Chicken Wrap recipes": {"url": "http://www.marthastewart.com/319037/mediterranean-chicken-wrap", "healthLabels": ["Mediterranean", "Dairy-Free", "Egg-Free", "Peanut-Free", "Tree-Nut-Free", "Soy-Free", "Fish-Free", "Shellfish-Free", "Pork-Free", "Red-Meat-Free", "Crustacean-Free", "Celery-Free", "Mustard-Free", "Sesame-Free", "Lupine-Free", "Mollusk-Free", "Alcohol-Free", "Sulfite-Free", "Kosher"], "calories": 407, "totalTime": 10.0, "cuisineType": "mediterranean", "imageName": "102.jpg", "ingredients": [{"food": "chicken cutlet", "quantity": 3.0, "measure": "ounce", "foodId": "food_a9hdg97b1sqqs5aj1al75bbo5iyt"}, {"food": "coarse salt", "quantity": 0.0, "measure": null, "foodId": "food_a1vgrj1bs8rd1majvmd9ubz8ttkg"}, {"food": "ground pepper", "quantity": 0.0, "measure": null, "foodId": "food_b6ywzluaaxv02wad7s1r9ag4py89"}, {"food": "whole-wheat wrap", "quantity": 1.0, "measure": "<unit>", "foodId": "food_a9ql6pdb639bs5b2nlvbob3w0mlj"}, {"food": "tapenade", "quantity": 1.0, "measure": "tablespoon", "foodId": "food_b44vi4sakzp388b5k6wabaig2lav"}, {"food": "artichoke hearts", "quantity": 2.0, "measure": "<unit>", "foodId": "food_aneqha3aarf9vmawbdwibaf8jnus"}, {"food": "tomato", "quantity": 0.5, "measure": "<unit>", "foodId": "food_a6k79rrahp8fe2b26zussa3wtkqh"}, {"food": "baby greens", "quantity": 0.25, "measure": "cup", "foodId": "food_bqalyxzbzu04hcb8xj930bzar7xg"}]}, "Quinoa + Mushroom Tomato Sauce Wrap": {"url": "http://ohsheglows.com/2010/05/07/the-hunger-monster-returns/", "healthLabels": ["Sugar-Conscious", "Vegan", "Vegetarian", "Pescatarian", "Dairy-Free", "Egg-Free", "Peanut-Free", "Tree-Nut-Free", "Soy-Free", "Fish-Free", "Shellfish-Free", "Pork-Free", "Red-Meat-Free", "Crustacean-Free", "Celery-Free", "Mustard-Free", "Sesame-Free", "Lupine-Free", "Mollusk-Free", "Alcohol-Free", "Sulfite-Free", "Kosher"], "calories": 594, "totalTime": 0.0, "cuisineType": "south american", "imageName": "103.jpg", "ingredients": [{"food": "cooked quinoa", "quantity": 1.5, "measure": "cup", "foodId": "food_acc1dplaepqqd3a5wrj6la1s34zw"}, {"food": "pasta sauce", "quantity": 0.5, "measure": "cup", "foodId": "food_a7hv5mybkkrs3ub78yhtxafs67bu"}, {"food": "canned mushrooms", "quantity": 1.0, "measure": "can", "foodId": "food_aqqk6vzaairumxb2xsi1rbl4zrib"}, {"food": "wrap", "quantity": 1.0, "measure": "<unit>", "foodId": "food_a9ql6pdb639bs5b2nlvbob3w0mlj"}, {"food": "seasonings", "quantity": 0.0, "measure": null, "foodId": "food_aj7w3xab0epj7cbgkbkpwadysovd"}]}, "Hummus Wrap": {"url": "http://www.myrecipes.com/recipe/hummus-wrap", "healthLabels": ["Vegan", "Vegetarian", "Pescatarian", "Mediterranean", "Dairy-Free", "Egg-Free", "Peanut-Free", "Tree-Nut-Free", "Soy-Free", "Fish-Free", "Shellfish-Free", "Pork-Free", "Red-Meat-Free", "Crustacean-Free", "Celery-Free", "Mustard-Free", "Sesame-Free", "Lupine-Free", "Mollusk-Free", "Alcohol-Free", "Sulfite-Free", "Kosher"], "calories": 379, "totalTime": 0.0, "cuisineType": "mediterranean", "imageName": "104.jpg", "ingredients": [{"food": "hummus", "quantity": 0.5, "measure": "cup", "foodId": "food_bvver0jaktvay3amv02gval1xqnm"}, {"food": "multigrain wrap", "quantity": 1.0, "measure": "<unit>", "foodId": "food_a9ql6pdb639bs5b2nlvbob3w0mlj"}, {"food": "tomato", "quantity": 0.5, "measure": "<unit>", "foodId": "food_a6k79rrahp8fe2b26zussa3wtkqh"}, {"food": "carrots", "quantity": 0.3333333333333333, "measure": "cup", "foodId": "food_ai215e5b85pdh5ajd4aafa3w2zm8"}, {"food": "alfalfa sprouts", "quantity": 0.3333333333333333, "measure": "cup", "foodId": "food_ag5cc6rb107kz7ataxks1ah5n5qd"}]}, "Silly Alligator Spinach Wrap": {"url": "http://www.eatingwell.com/recipe/259074/silly-alligator-spinach-wrap/", "healthLabels": ["Sugar-Conscious", "Mediterranean", "Egg-Free", "Peanut-Free", "Tree-Nut-Free", "Soy-Free", "Fish-Free", "Shellfish-Free", "Pork-Free", "Red-Meat-Free", "Crustacean-Free", "Celery-Free", "Mustard-Free", "Sesame-Free", "Lupine-Free", "Mollusk-Free", "Alcohol-Free", "Sulfite-Free"], "calories": 522, "totalTime": 15.0, "cuisineType": "british", "imageName": "105.jpg", "ingredients": [{"food": "spinach wrap", "quantity": 1.0, "measure": "<unit>", "foodId": "food_a9ql6pdb639bs5b2nlvbob3w0mlj"}, {"food": "chicken", "quantity": 3.0, "measure": "ounce", "foodId": "food_bmyxrshbfao9s1amjrvhoauob6mo"}, {"food": "lettuce", "quantity": 0.5, "measure": "cup", "foodId": "food_bf5fxtkbc9alwoajuvsi7amonr5w"}, {"food": "avocado", "quantity": 0.25, "measure": "<unit>", "foodId": "food_b0yuze4b1g3afpanijno5abtiu28"}, {"food": "provolone cheese", "quantity": 1.0, "measure": "slice", "foodId": "food_agjkow4bqoxru5brleiuia6ggm9g"}, {"food": "baby carrot", "quantity": 1.0, "measure": "<unit>", "foodId": "food_bg0rlw7bt25ojiavi5k7dbv51765"}, {"food": "black olive", "quantity": 1.0, "measure": "<unit>", "foodId": "food_atlv2r9b29ejzeb1o3wgkaxqajcb"}]}, "Buffalo Chicken Wrap Recipe": {"url": "http://www.seriouseats.com/recipes/2012/02/buffalo-chicken-wrap-sandwich-recipe.html", "healthLabels": ["Egg-Free", "Peanut-Free", "Tree-Nut-Free", "Soy-Free", "Fish-Free", "Shellfish-Free", "Crustacean-Free", "Celery-Free", "Mustard-Free", "Sesame-Free", "Lupine-Free", "Mollusk-Free", "Alcohol-Free", "Sulfite-Free"], "calories": 8260, "totalTime": 30.0, "cuisineType": "american", "imageName": "106.jpg", "ingredients": [{"food": "canola oil", "quantity": 0.0, "measure": null, "foodId": "food_bk9p9aaavhvoq4bqsnprobpsiuxs"}, {"food": "all-purpose flour", "quantity": 1.0, "measure": "cup", "foodId": "food_ar3x97tbq9o9p6b6gzwj0am0c81l"}, {"food": "black pepper", "quantity": 0.25, "measure": "teaspoon", "foodId": "food_b6ywzluaaxv02wad7s1r9ag4py89"}, {"food": "salt", "quantity": 1.0, "measure": "teaspoon", "foodId": "food_btxz81db72hwbra2pncvebzzzum9"}, {"food": "buttermilk", "quantity": 0.5, "measure": "cup", "foodId": "food_axwuni1bjd81cybjn45rwb25o4jb"}, {"food": "chicken tenders", "quantity": 8.0, "measure": "<unit>", "foodId": "food_bdc1hahbi6pzj2bjr99mzbq7v4dm"}, {"food": "hot sauce", "quantity": 0.25, "measure": "cup", "foodId": "food_a6201h1bu1m0tfbrvis6ma6nvhzv"}, {"food": "butter", "quantity": 0.25, "measure": "cup", "foodId": "food_awz3iefajbk1fwahq9logahmgltj"}, {"food": "wraps", "quantity": 4.0, "measure": "<unit>", "foodId": "food_a9ql6pdb639bs5b2nlvbob3w0mlj"}, {"food": "romaine lettuce", "quantity": 0.5, "measure": "head", "foodId": "food_bfmb5cybk1o247bmrmry4a6jvp60"}, {"food": "blue cheese", "quantity": 1.0, "measure": "cup", "foodId": "food_ao35kxmb5lh3lpaeaxh9ka2vfaf4"}, {"food": "tomato", "quantity": 1.0, "measure": "<unit>", "foodId": "food_a6k79rrahp8fe2b26zussa3wtkqh"}]}, "Whole Wheat Wrap with Oven Roasted Beans": {"url": "https://food52.com/recipes/10660-whole-wheat-wrap-with-oven-roasted-beans", "healthLabels": ["Vegetarian", "Pescatarian", "Dairy-Free", "Peanut-Free", "Tree-Nut-Free", "Soy-Free", "Fish-Free", "Shellfish-Free", "Pork-Free", "Red-Meat-Free", "Crustacean-Free", "Celery-Free", "Sesame-Free", "Lupine-Free", "Mollusk-Free", "Alcohol-Free", "Sulfite-Free", "Kosher"], "calories": 1599, "totalTime": 618.0, "cuisineType": "american", "imageName": "107.jpg", "ingredients": [{"food": "dried beans", "quantity": 1.5, "measure": "cup", "foodId": "food_bf8uz1aamavv8ebjkliwfai0ezuv"}, {"food": "water", "quantity": 4.5, "measure": "cup", "foodId": "food_a99vzubbk1ayrsad318rvbzr3dh0"}, {"food": "olive oil", "quantity": 2.0, "measure": "tablespoon", "foodId": "food_b1d1icuad3iktrbqby0hiagafaz7"}, {"food": "fresh rosemary", "quantity": 1.0, "measure": "tablespoon", "foodId": "food_b6tm2t2blxi7okaeiv91wb8bmygq"}, {"food": "salt", "quantity": 0.0, "measure": null, "foodId": "food_btxz81db72hwbra2pncvebzzzum9"}, {"food": "pepper", "quantity": 0.0, "measure": null, "foodId": "food_b6ywzluaaxv02wad7s1r9ag4py89"}, {"food": "sandwich wrap", "quantity": 1.0, "measure": "<unit>", "foodId": "food_a9ql6pdb639bs5b2nlvbob3w0mlj"}, {"food": "mayo", "quantity": 1.0, "measure": "teaspoon", "foodId": "food_bu8t61zaplle7dbrzk81dbygq0qj"}, {"food": "salad greens", "quantity": 1.0, "measure": "handful", "foodId": "food_bqalyxzbzu04hcb8xj930bzar7xg"}, {"food": "red bell pepper", "quantity": 4.0, "measure": "<unit>", "foodId": "food_a8g63g7ak6bnmvbu7agxibp4a0dy"}, {"food": "beans", "quantity": 0.25, "measure": "cup", "foodId": "food_aceucvpau4a8v6atkx5eabxyoqdn"}]}, "Banana Snack Wraps recipes": {"url": "http://www.pbs.org/food/recipes/banana-snack-wraps/", "healthLabels": ["Low Potassium", "Kidney-Friendly", "Vegan", "Vegetarian", "Pescatarian", "Mediterranean", "Dairy-Free", "Egg-Free", "Tree-Nut-Free", "Soy-Free", "Fish-Free", "Shellfish-Free", "Pork-Free", "Red-Meat-Free", "Crustacean-Free", "Celery-Free", "Mustard-Free", "Sesame-Free", "Lupine-Free", "Mollusk-Free", "Alcohol-Free", "Sulfite-Free", "Kosher"], "calories": 344, "totalTime": 15.0, "cuisineType": "american", "imageName": "108.jpg", "ingredients": [{"food": "whole grain wrap", "quantity": 1.0, "measure": "<unit>", "foodId": "food_a9ql6pdb639bs5b2nlvbob3w0mlj"}, {"food": "peanut butter", "quantity": 1.0, "measure": "tablespoon", "foodId": "food_bz6b8fsbccyn3zaij72f7av8dl9m"}, {"food": "banana", "quantity": 1.0, "measure": "<unit>", "foodId": "food_bjsfxtcaidvmhaa3afrbna43q3hu"}]}, "Turkey-Pesto Wrap With Mozzarella Cheese And Roasted Peppers": {"url": "http://www.sfgate.com/food/recipes/detail.html?rid=18135&sorig=qs", "healthLabels": ["Sugar-Conscious", "Low Potassium", "Kidney-Friendly", "Mediterranean", "Egg-Free", "Peanut-Free", "Soy-Free", "Fish-Free", "Shellfish-Free", "Pork-Free", "Red-Meat-Free", "Crustacean-Free", "Celery-Free", "Mustard-Free", "Sesame-Free", "Lupine-Free", "Mollusk-Free", "Alcohol-Free", "Sulfite-Free"], "calories": 476, "totalTime": 0.0, "cuisineType": "american", "imageName": "109.jpg", "ingredients": [{"food": "sandwich wrap", "quantity": 1.0, "measure": "<unit>", "foodId": "food_a9ql6pdb639bs5b2nlvbob3w0mlj"}, {"food": "pesto", "quantity": 1.0, "measure": "tablespoon", "foodId": "food_amlzb2yam5vuysaaikhe3a68ojnn"}, {"food": "turkey", "quantity": 2.0, "measure": "ounce", "foodId": "food_a9m7tjlaizm6qwb80yipna6dvd20"}, {"food": "mozzarella cheese", "quantity": 2.0, "measure": "ounce", "foodId": "food_acjhpy7bkl7a9qboztipaa2i9e4m"}, {"food": "roasted red peppers", "quantity": 0.3333333333333333, "measure": "cup", "foodId": "food_b3qdnlvaxpt1i3ayle41la3mow3z"}, {"food": "arugula", "quantity": 0.25, "measure": "cup", "foodId": "food_a8z1kzrawhksuzav2g1irb6zf4zc"}]}, "Sesame stir-fry wrap": {"url": "http://www.bbcgoodfood.com/recipes/sesame-stir-fry-wrap", "healthLabels": ["Sugar-Conscious", "Vegan", "Vegetarian", "Pescatarian", "Mediterranean", "Dairy-Free", "Egg-Free", "Peanut-Free", "Tree-Nut-Free", "Soy-Free", "Fish-Free", "Shellfish-Free", "Pork-Free", "Red-Meat-Free", "Crustacean-Free", "Celery-Free", "Mustard-Free", "Lupine-Free", "Mollusk-Free", "Alcohol-Free", "Sulfite-Free", "Kosher"], "calories": 453, "totalTime": 5.0, "cuisineType": "chinese", "imageName": "110.jpg", "ingredients": [{"food": "tahini", "quantity": 2.0, "measure": "tablespoon", "foodId": "food_aa88tarawf1yl0bu5w3csaucrnx2"}, {"food": "lemon", "quantity": 0.5, "measure": "<unit>", "foodId": "food_a6uzc62astrxcgbtzyq59b6fncrr"}, {"food": "wrap", "quantity": 1.0, "measure": "tortilla", "foodId": "food_a9ql6pdb639bs5b2nlvbob3w0mlj"}, {"food": "vegetables", "quantity": 132.5, "measure": "gram", "foodId": "food_bitqzx8b319psvbib2dufarphbxy"}, {"food": "sesame seeds", "quantity": 0.5, "measure": "tablespoon", "foodId": "food_bvxfnx8bwz2q3abs04kd6bbuf9w8"}]}}}